PurchaseDate,Title,Author,Duration,Year,Narrator,Series,Genre
5/27/2002,Powertalk!,Anthony Robbins,,2020,Anthony Robbins,,Relationships| Parenting & Personal Development - Personal Development - Personal Success
9/23/2002,The Best of RobinWilliams @ audible.com,Robin Williams,2:49:00,2002,,,Teen & Young Adult - Arts & Entertainment
10/30/2002,The Twilight Zone Radio Dramas,Rod Serling,2:40:00,2002,Host Stacy Keach ,,Arts & Entertainment - Audio Performances & Dramatizations
11/21/2002,The Best of RobinWilliams @ audible.com,Robin Williams,3:19:00,2002,,,Teen & Young Adult - Arts & Entertainment
6/11/2003,The Twilight Zone Radio Dramas,Rod Serling,2:35:00,2003,Host Stacy Keach ,,Arts & Entertainment - Audio Performances & Dramatizations
6/23/2003,The Best of RobinWilliams @ audible.com,Robin Williams,3:50:00,2002,,,Teen & Young Adult - Arts & Entertainment
9/7/2004,Grass for His Pillow,Lian Hearn,9:25:00,2003,Kevin Gray ,Tales of the Otori [2],Literature & Fiction - Classics
12/20/2004,Interview with Lemony Snicket (a.k.a. Daniel Handler),Lemony Snicket,0:24:00,2004,Beth Anderson,,Arts & Entertainment - Art
2/7/2005,Interview with Jack Canfield,Jack Canfield,0:22:00,2005,Beth Anderson,,Arts & Entertainment - Art
12/19/2006,Consciousness,Scientific American,2:03:00,2006,Mark Moran,,Health & Wellness - Physical Illness & Disease
6/5/2012,Biography,A&E Television Networks,0:46:00,2006,,,Arts & Entertainment - Art
6/5/2012,Thoughts Are Things,Prentice Mulford,8:22:00,2010,Al James,,Relationships| Parenting & Personal Development - Personal Development - Personal Success
6/5/2012,Mind Wide Open,Steven Johnson,8:07:00,2004,Alan Sklar,,Health & Wellness - Physical Illness & Disease
6/5/2012,You're It!,Alan Watts,12:05:00,2010,Alan Watts,,Religion & Spirituality
6/5/2012,The Horse and His Boy,C. S. Lewis,4:41:00,2004,Alex Jennings,The Chronicles of Narnia (Publication Order) [5],Children's Audiobooks - Growing Up & Facts of Life
6/5/2012,We Are Their Heaven,Allison DuBois,6:11:00,2006,Allison DuBois,,Religion & Spirituality - Occult
6/5/2012,How to Win Friends & Influence People,Dale Carnegie,7:15:00,2004,Andrew MacMillan,,Health & Wellness - Psychology & Mental Health - Psychology
6/5/2012,Let Yourself Go,Arjuna Ardagh,6:51:00,2006,Arjuna Ardagh,,Religion & Spirituality
6/5/2012,Word Builders,Audio University,0:52:00,1999,Audio University,Word Builders [6],Relationships| Parenting & Personal Development - Personal Development - Communication & Social Skills
6/5/2012,Autobiography of a Yogi,Paramahansa Yogananda,17:50:00,2004,Ben Kingsley,,History - World
6/5/2012,The Devil Wears Prada,Lauren Weisberger,14:10:00,2003,Bernadette Dunne,The Devil Wears Prada [1],Literature & Fiction - Genre Fiction - Movie| TV & Video Game Tie-Ins
6/5/2012,The Year of the Flood,Margaret Atwood,14:04:00,2009,Bernadette Dunne ,The MaddAddam Trilogy (Published Order) [2],Literature & Fiction - Genre Fiction - Literary Fiction
6/5/2012,Super Rich,Russell Simmons,5:22:00,2011,Black Ice,,Relationships| Parenting & Personal Development - Personal Development - Personal Success
6/5/2012,Inspired By … The Bible Experience Audio Bible - Today's New International Version TNIV: New Testament,Inspired By Media Group,20:29:00,2006,Blair Underwood ,,Relationships| Parenting & Personal Development - Personal Development
6/5/2012,It's Not About the Money,Bob Proctor,5:53:00,2009,Bob Proctor,,Relationships| Parenting & Personal Development - Personal Development - Personal Success
6/5/2012,Your Brain at Work,David Rock,9:42:00,2011,Bob Walter,,Relationships| Parenting & Personal Development - Personal Development - Personal Success
6/5/2012,Goals! How to Get Everything You Want Faster Than You Ever Thought Possible,Brian Tracy,3:20:00,2004,Brian Tracy,,Relationships| Parenting & Personal Development - Personal Development - Personal Success
6/5/2012,The Wisdom of Your Cells,Bruce H. Lipton Ph.D.,8:08:00,2006,Bruce H. Lipton,,Health & Wellness - Physical Illness & Disease
6/5/2012,How to Change Anybody,David J. Lieberman Ph.D.,2:59:00,2005,Bruce Sabath,,Relationships| Parenting & Personal Development - Personal Development - Personal Success
6/5/2012,Loving What Is,Byron Katie,6:47:00,2004,Byron Katie ,,Relationships| Parenting & Personal Development - Personal Development - Personal Success
6/5/2012,Cell,Stephen King,12:36:00,2006,Campbell Scott,,Mystery| Thriller & Suspense - Thriller & Suspense - Suspense
6/5/2012,Oryx and Crake,Margaret Atwood,10:30:00,2003,Campbell Scott,The MaddAddam Trilogy (Published Order) [1],Literature & Fiction - Genre Fiction - Literary Fiction
6/5/2012,Uglies,Scott Westerfeld,12:19:00,2008,Carine Montbertrand,Uglies [1],Literature & Fiction
6/5/2012,The Language of Archetypes,Caroline Myss,12:14:00,2006,Caroline Myss,,Religion & Spirituality - Occult - Unexplained Mysteries
6/5/2012,Advanced Energy Anatomy,Caroline Myss,9:43:00,2002,Caroline Myss,,Relationships| Parenting & Personal Development - Personal Development
6/5/2012,Self-Esteem,Caroline Myss,4:43:00,2002,Caroline Myss,,Relationships| Parenting & Personal Development - Personal Development - Personal Success
6/5/2012,Sacred Contracts,Caroline Myss,5:59:00,2002,Caroline Myss,,Relationships| Parenting & Personal Development - Personal Development - Personal Success
6/5/2012,Switch,Dan Heath,7:43:00,2010,Charles Kahlenberg,,Relationships| Parenting & Personal Development - Personal Development - Personal Success
6/5/2012,A History of Rome,Cyril Robinson,18:42:00,2002,Charlton Griffin,,History - Military
6/5/2012,Finding Your Passion,Cheryl Richardson,3:56:00,2004,Cheryl Richardson,,Relationships| Parenting & Personal Development - Personal Development - Personal Success
6/5/2012,Nothing Is Impossible,Christopher Reeve,3:42:00,2002,Christopher Reeve,,Relationships| Parenting & Personal Development - Personal Development - Personal Success
6/5/2012,Idlewild,Nick Sagan,8:10:00,2003,Clayton Barclay Jones,,Mystery| Thriller & Suspense - Thriller & Suspense - Suspense
6/5/2012,Soon I Will Be Invincible,Austin Grossman,10:13:00,2007,Coleen Marlo ,,Literature & Fiction - Genre Fiction - Literary Fiction
6/5/2012,The Switch: The Secret Law of Subconscious Attraction,Craig Beck,2:46:00,2011,Craig Beck,,Relationships| Parenting & Personal Development - Personal Development - Personal Success
6/5/2012,The Now Method,Craig Beck,0:59:00,2011,Craig Beck,,Relationships| Parenting & Personal Development - Personal Development - Stress Management
6/5/2012,11/22/1963,Stephen King,30:40:00,2011,Craig Wasson,,Science Fiction & Fantasy - Science Fiction - Alternate History
6/5/2012,God's Debris,Scott Raymond Adams,2:44:00,2009,D. C. Goode,,Literature & Fiction - Genre Fiction - Christian Fiction
6/5/2012,E=mc2,David Bodanis,6:49:00,2002,Dan Cashman,,Science & Engineering - Science - Physics
6/5/2012,Change Your Brain Change Your Life,Daniel G. Amen M.D.,13:11:00,2008,Daniel G. Amen M.D.,,Health & Wellness - Psychology & Mental Health - Psychology
6/5/2012,Stumbling on Happiness,Daniel Gilbert,7:26:00,2006,Daniel Gilbert,,Relationships| Parenting & Personal Development - Personal Development - Personal Success
6/5/2012,Getting Things Done,David Allen,2:47:00,2002,David Allen,,Relationships| Parenting & Personal Development - Personal Development - Personal Success
6/5/2012,The 39 Clues Book 1,Rick Riordan,5:11:00,2008,David Pittu,39 Clues: Series 1 [1],Children's Audiobooks - Action & Adventure
6/5/2012,Blackwood Farm,Anne Rice,20:37:00,2002,David Pittu,The Vampire Chronicles [9],Literature & Fiction - Horror - Ghosts
6/5/2012,Blood Canticle,Anne Rice,11:32:00,2003,David Pittu,The Vampire Chronicles [10],Literature & Fiction - Horror - Ghosts
6/5/2012,Me Talk Pretty One Day,David Sedaris,5:51:00,2000,David Sedaris,,Comedy & Humor
6/5/2012,The New Physics of Healing,Deepak Chopra,1:58:00,2002,Deepak Chopra,,
6/5/2012,Reinventing the Body Resurrecting the Soul,Deepak Chopra,10:14:00,2009,Deepak Chopra MD,,Relationships| Parenting & Personal Development - Personal Development - Personal Success
6/5/2012,The Spontaneous Fulfillment of Desire,Deepak Chopra,6:08:00,2003,Deepak Chopra MD,,Relationships| Parenting & Personal Development - Personal Development - Personal Success
6/5/2012,The Naked Buddha,Venerable Adrienne Howley,5:35:00,2006,Deidre Rubenstein,,Religion & Spirituality - Buddhism
6/5/2012,Electric Universe,David Bodanis,6:38:00,2005,Del Roy,,Science & Engineering - Science - Physics
6/5/2012,The Marriage of Sense and Soul,Ken Wilber,7:21:00,2000,Denis deBoisblanc,,Science & Engineering - Science - History & Philosophy - History
6/5/2012,Willpower,Roy Baumeister,9:11:00,2011,Denis O'Hare,,Relationships| Parenting & Personal Development - Personal Development - Personal Success
6/5/2012,The Voyage of the Dawn Treader,C. S. Lewis,5:50:00,2005,Derek Jacobi,The Chronicles of Narnia (Publication Order) [3],Children's Audiobooks - Science Fiction & Fantasy - Fantasy & Magic - Action & Adventure
6/5/2012,Death by Black Hole,Neil deGrasse Tyson,12:04:00,2007,Dion Graham,,Science & Engineering - Science - Astronomy & Space Science - Astronomy
6/5/2012,Time Traveler,Ronald L. Mallett,6:59:00,2009,Dion Graham ,,Science & Engineering - Science - Physics
6/5/2012,Tapping the Source,Jack Canfield,5:58:00,2010,Don Hagen,,Relationships| Parenting & Personal Development - Personal Development - Personal Success
6/5/2012,The Winner's Brain,Jeff Brown,6:08:00,2010,Don Hagen,,Relationships| Parenting & Personal Development - Personal Development - Personal Success
6/5/2012,A Million Miles in a Thousand Years,Donald Miller,5:11:00,2009,Donald Miller,,Relationships| Parenting & Personal Development - Personal Development - Personal Success
6/5/2012,Dirk Gently's Holistic Detective Agency,Douglas Adams,6:48:00,1999,Douglas Adams,,Comedy & Humor - Literature & Fiction - Satire
6/5/2012,So Long and Thanks for All the Fish,Douglas Adams,4:16:00,1999,Douglas Adams,,Comedy & Humor - Literature & Fiction - Satire
6/5/2012,The Restaurant at the End of the Universe,Douglas Adams,5:36:00,1999,Douglas Adams,,Literature & Fiction - Classics
6/5/2012,Mostly Harmless,Douglas Adams,5:56:00,1999,Douglas Adams,,Comedy & Humor - Literature & Fiction - Satire
6/5/2012,Life the Universe and Everything,Douglas Adams,5:29:00,1999,Douglas Adams,,Comedy & Humor - Literature & Fiction - Satire
6/5/2012,The Hitchhiker's Guide to the Galaxy,Douglas Adams,4:56:00,1999,Douglas Adams,,Comedy & Humor - Literature & Fiction - Satire
6/5/2012,Power vs. Force,Dr. David R. Hawkins,8:10:00,2006,Dr. David R. Hawkins,,Health & Wellness - Psychology & Mental Health - Psychology
6/5/2012,The Secret of Quantum Living,Dr. Frank J. Kinslow,6:02:00,2012,Dr. Frank J. Kinslow,,Relationships| Parenting & Personal Development - Personal Development - Personal Success
6/5/2012,Making the Shift,Dr. Wayne W. Dyer,5:35:00,2010,Dr. Wayne W. Dyer,,Relationships| Parenting & Personal Development - Personal Development - Personal Success
6/5/2012,Excuses Begone!,Dr. Wayne W. Dyer,7:20:00,2009,Dr. Wayne W. Dyer,,Relationships| Parenting & Personal Development - Personal Development - Personal Success
6/5/2012,Excuses Begone!,Dr. Wayne W. Dyer,7:21:00,2009,Dr. Wayne W. Dyer,,Relationships| Parenting & Personal Development - Personal Development - Personal Success
6/5/2012,Change Your Thoughts Change Your Life,Dr. Wayne W. Dyer,9:09:00,2006,Dr. Wayne W. Dyer,,Religion & Spirituality - Other Religions| Practices & Sacred Texts
6/5/2012,It's Never Crowded Along the Extra Mile,Dr. Wayne W. Dyer,9:34:00,2004,Dr. Wayne W. Dyer,,Relationships| Parenting & Personal Development - Personal Development - Personal Success
6/5/2012,The Secrets of the Power of Intention,Dr. Wayne W. Dyer,6:10:00,2004,Dr. Wayne W. Dyer,,Relationships| Parenting & Personal Development - Personal Development - Personal Success
6/5/2012,How to Get What You Really Really Really Really Want - Free Excerpt,Deepak Chopra MD,0:05:00,2002,Dr. Wayne W. Dyer ,,
6/5/2012,The Art of Presence,Eckhart Tolle,7:14:00,2007,Eckhart Tolle,,Relationships| Parenting & Personal Development - Personal Development - Personal Success
6/5/2012,A New Earth,Eckhart Tolle,9:12:00,2004,Eckhart Tolle,,Relationships| Parenting & Personal Development - Personal Development - Personal Success
6/5/2012,Even the Sun Will Die,Eckhart Tolle,2:26:00,2003,Eckhart Tolle,,Religion & Spirituality - Occult
6/5/2012,The Power of Now,Eckhart Tolle,7:37:00,2000,Eckhart Tolle,,Relationships| Parenting & Personal Development - Personal Development
6/5/2012,The Art and Skill of Conversation,Edward L. Fritsch,2:02:00,1999,Edward L. Fritsch ,,Business & Careers - Career Success
6/5/2012,From Dawn to Decadence Volume 1,Jacques Barzun,21:24:00,2001,Edward Lewis,,History - Ancient History
6/5/2012,Reader's Digest Word Power,Peter Funk,0:43:00,1999,Efrem Zimbalist Jr.,,Relationships| Parenting & Personal Development - Personal Development - Communication & Social Skills
6/5/2012,Reader's Digest Word Power,Peter Funk,0:52:00,1999,Efrem Zimbalist Jr.,,Relationships| Parenting & Personal Development - Personal Development - Communication & Social Skills
6/5/2012,Train Your Mind Change Your Brain,Sharon Begley,6:27:00,2007,Eliza Foss,,Relationships| Parenting & Personal Development - Personal Development
6/5/2012,The Last Lecture,Randy Pausch,4:36:00,2008,Erik Singer ,,Relationships| Parenting & Personal Development - Personal Development - Personal Success
6/5/2012,Twitter Power,Joel Comm,6:14:00,2009,Erik Synnesvetd,,Business & Careers - Career Success
6/5/2012,Airframe,Michael Crichton,11:09:00,2001,Frances Cassidy,,Mystery| Thriller & Suspense - Thriller & Suspense - Suspense
6/5/2012,The Talisman,Stephen King,28:00:00,2012,Frank Muller,Jack Sawyer  [1],Mystery| Thriller & Suspense - Thriller & Suspense - Suspense
6/5/2012,A Tale of Two Cities [Recorded Books],Charles Dickens,13:57:00,2001,Frank Muller,,Literature & Fiction - Classics
6/5/2012,Black House,Stephen King,26:27:00,2001,Frank Muller,,Literature & Fiction - Horror - Ghosts
6/5/2012,Dr. Quantum Presents A User's Guide to Your Universe,Fred Alan Wolf,7:29:00,2006,Fred Alan Wolf,,Science & Engineering - Science - Physics
6/5/2012,Dr. Quantum Presents Meet the Real Creator - You!,Fred Alan Wolf,4:19:00,2005,Fred Alan Wolf,,Relationships| Parenting & Personal Development - Personal Development - Personal Success
6/5/2012,Boomerang! October 2005,The Boomerang! staff,1:10:00,2005,Full Cast,,
6/5/2012,American Gods: The Tenth Anniversary Edition (A Full Cast Production),Neil Gaiman,19:39:00,2011,full cast ,American Gods [1],Literature & Fiction - Classics
6/5/2012,The Amber Spyglass,Philip Pullman,14:53:00,2003,full cast ,His Dark Materialsik [3],Education & Learning - Education
6/5/2012,His Dark Materials: The Subtle Knife (Book 2),Philip Pullman,8:55:00,2003,full cast ,His Dark Materials [2],Children's Audiobooks - Action & Adventure
6/5/2012,The Golden Compass,Philip Pullman,11:42:00,2003,Full Cast ,His Dark Materials [1],Teen & Young Adult - Arts & Entertainment
6/5/2012,Edenborn,Nick Sagan,9:39:00,2004,Full Cast ,,Science Fiction & Fantasy - Science Fiction - Hard Science Fiction
6/5/2012,Brain Trust,Garth Sundem,7:33:00,2012,Garth Sundem,,Comedy & Humor
6/5/2012,The Traveler's Gift,Andy Andrews,4:26:00,2008,Gary Beaty,,Relationships| Parenting & Personal Development - Personal Development - Personal Success
6/5/2012,The Marriage You've Always Wanted,Gary Chapman,4:16:00,2005,Gary Chapman,,Religion & Spirituality - Christianity - Ministry & Evangelism
6/5/2012,Secrets of the Immortal,Gary R. Renard,7:16:00,2006,Gary Renard,,Religion & Spirituality - Spirituality - Channeling
6/5/2012,The End of Reincarnation,Gary R. Renard,2:29:00,2006,Gary Renard,,Religion & Spirituality - Spirituality - Channeling
6/5/2012,The Disappearance of the Universe,Gary R. Renard,5:55:00,2006,Gary Renard ,,Relationships| Parenting & Personal Development - Personal Development - Personal Success
6/5/2012,The Gunslinger,Stephen King,7:50:00,2003,George Guidall,The Dark Tower [1],Science Fiction & Fantasy - Fantasy - Paranormal & Urban - Paranormal
6/5/2012,The Happiness Hypothesis,Jonathan Haidt,11:44:00,2007,George K. Wilson,,Relationships| Parenting & Personal Development - Personal Development - Personal Success
6/5/2012,Decision Points,George W. Bush,6:58:00,2010,George W. Bush,,History - Americas - United States
6/5/2012,Prey,Michael Crichton,12:50:00,2003,George Wilson,,Mystery| Thriller & Suspense - Thriller & Suspense - Suspense
6/5/2012,The Tale of Despereaux,Kate DiCamillo,3:30:00,2004,Graeme Malcolm,,Education & Learning - Education
6/5/2012,Merrick,Anne Rice,11:35:00,2000,Graeme Malcolm,The Vampire Chronicles [7],Literature & Fiction - Horror
6/5/2012,The Spontaneous Healing of Belief,Gregg Braden,4:36:00,2008,Gregg Braden,,Relationships| Parenting & Personal Development - Personal Development - Personal Success
6/5/2012,Awakening the Power of a Modern God,Gregg Braden,3:35:00,2006,Gregg Braden,,Religion & Spirituality - Spirituality
6/5/2012,Beyond Zero Point,Gregg Braden,2:32:00,1999,Gregg Braden,,Religion & Spirituality - Occult - Unexplained Mysteries
6/5/2012,The Illusion of Limitation,Guy Finley,6:19:00,2007,Guy Finley,,Relationships| Parenting & Personal Development - Personal Development - Personal Success
6/5/2012,Secrets of Being Unstoppable,Guy Finley,16:00:00,2007,Guy Finley,,Relationships| Parenting & Personal Development - Personal Development - Personal Success
6/5/2012,Entanglement,Amir D. Aczel,6:16:00,2002,Henry Leyva,,Science & Engineering - Science - Physics
6/5/2012,The Twilight Zone Radio Dramas,Rod Serling,2:36:00,2004,Host Stacy Keach ,,Literature & Fiction - Anthologies & Short Stories - Anthologies
6/5/2012,Law of Attraction,Michael Losier,2:17:00,2007,Hugh Gallagher,,Relationships| Parenting & Personal Development - Personal Development - Personal Success
6/5/2012,The Success Principles,Jack Canfield,6:28:00,2004,Jack Canfield,,Relationships| Parenting & Personal Development - Personal Development - Personal Success
6/5/2012,Harmonic Wealth,James Arthur Ray,5:56:00,2008,James Arthur Ray,,Relationships| Parenting & Personal Development - Personal Development - Personal Success
6/5/2012,The Million Dollar Mindset,James Arthur Ray,4:47:00,2006,James Arthur Ray,,Relationships| Parenting & Personal Development - Personal Development - Personal Success
6/5/2012,The Science of Success,James Arthur Ray,5:03:00,2006,James Arthur Ray,,Relationships| Parenting & Personal Development - Personal Development - Personal Success
6/5/2012,Collapse the World,James Arthur Ray,3:08:00,2006,James Arthur Ray,,Relationships| Parenting & Personal Development - Personal Development - Personal Success
6/5/2012,Super Crunchers,Ian Ayres,6:16:00,2007,James Lurie,,Relationships| Parenting & Personal Development - Personal Development - Personal Success
6/5/2012,Fool Moon,Jim Butcher,10:06:00,2008,James Marsters,The Dresden Files [2],Science Fiction & Fantasy - Fantasy - Paranormal & Urban - Paranormal
6/5/2012,Storm Front,Jim Butcher,8:01:00,2008,James Marsters,The Dresden Files [1],Science Fiction & Fantasy - Fantasy - Paranormal & Urban - Paranormal
6/5/2012,Life of Pi,Yann Martel,11:41:00,2003,Jeff Woodman,,Literature & Fiction - Genre Fiction - Literary Fiction
6/5/2012,Rapunzel,Brothers Grimm,0:09:00,2008,Jennifer Van Dyck,,Literature & Fiction - Classics
6/5/2012,The Diamond Age,Neal Stephenson,18:32:00,2001,Jennifer Wiltsie,,Science Fiction & Fantasy - Science Fiction - Hard Science Fiction
6/5/2012,The Silver Chair,C. S. Lewis,5:25:00,2005,Jeremy Northam,The Chronicles of Narnia (Publication Order) [4],Children's Audiobooks - Science Fiction & Fantasy - Fantasy & Magic
6/5/2012,Sara Book 2,Esther Hicks,4:37:00,2008,Jerry Hicks,Sara [2],Religion & Spirituality - Spirituality
6/5/2012,The Astonishing Power of Emotions,Esther Hicks,6:36:00,2007,Jerry Hicks,,Relationships| Parenting & Personal Development - Personal Development - Personal Success
6/5/2012,The Processes,Esther Hicks,4:26:00,2005,Jerry Hicks,Law of Attraction [],Relationships| Parenting & Personal Development - Personal Development - Personal Success
6/5/2012,Ask and It Is Given Volume 1,Esther Hicks,3:32:00,2005,Jerry Hicks,Law of Attraction [],Religion & Spirituality - Spirituality
6/5/2012,Money and the Law of Attraction,Esther Hicks,7:27:00,2008,Jerry Hicks ,,Relationships| Parenting & Personal Development - Personal Development - Personal Success
6/5/2012,The Lightning Thief,Rick Riordan,10:02:00,2005,Jesse Bernstein,Percy Jackson and the Olympians [1],Children's Audiobooks - Science Fiction & Fantasy - Fantasy & Magic - Action & Adventure
6/5/2012,The Big Short,Michael Lewis,9:27:00,2010,Jesse Boggs,,History - Americas - United States
6/5/2012,Fang,James Patterson,5:28:00,2010,Jill Apple,Maximum Ride [6],Literature & Fiction - Action & Adventure
6/5/2012,The Mastery of Love,don Miguel Ruiz,2:33:00,2005,Jill Eikenberry ,,Relationships| Parenting & Personal Development - Personal Development - Personal Success
6/5/2012,The Brain That Changes Itself,Norman Doidge M.D.,11:24:00,2008,Jim Bond,,Health & Wellness - Physical Illness & Disease
6/5/2012,Rich Dad's Prophecy,Robert T. Kiyosaki,2:47:00,2002,Jim Ward,,Business & Careers - Management & Leadership - Management
6/5/2012,Instant Manifestation,Joe Vitale,3:14:00,2011,Joe Vitale,,Relationships| Parenting & Personal Development - Personal Development - Personal Success
6/5/2012,Expect Miracles,Joe Vitale,4:47:00,2008,Joe Vitale,,Relationships| Parenting & Personal Development - Personal Development - Personal Success
6/5/2012,The Key,Joe Vitale,4:55:00,2007,Joe Vitale,,Relationships| Parenting & Personal Development - Personal Development - Personal Success
6/5/2012,Life's Missing Instruction Manual,Joe Vitale,4:53:00,2006,Joe Vitale,,Relationships| Parenting & Personal Development - Personal Development - Personal Success
6/5/2012,Zero Limits,Joe Vitale,6:21:00,2007,Joe Vitale ,,Relationships| Parenting & Personal Development - Personal Development - Personal Success
6/5/2012,Your Best Life Now,Joel Osteen,6:03:00,2004,Joel Osteen,,Relationships| Parenting & Personal Development - Personal Development - Personal Success
6/5/2012,Become a Better You,Joel Osteen,5:23:00,2007,Joel Osteen,,Relationships| Parenting & Personal Development - Personal Development - Personal Success
6/5/2012,Crossing Over,John Edward,4:45:00,2004,John Edward,,Biographies & Memoirs - Entertainment & Celebrities
6/5/2012,Developing Your Own Psychic Powers,John Edward,4:29:00,2004,John Edward,,Religion & Spirituality - Spirituality
6/5/2012,Brain Rules,John J. Medina,7:40:00,2008,John J. Medina,,Relationships| Parenting & Personal Development - Personal Development - Personal Success
6/5/2012,Time's Eye,Stephen Baxter,11:37:00,2008,John Lee,Time Odyssey [1],Science Fiction & Fantasy - Science Fiction - Adventure
6/5/2012,Wicked,Gregory Maguire,19:42:00,2005,John McDonough,The Wicked Years [1],Literature & Fiction - Classics
6/5/2012,The Psychopath Test,Jon Ronson,7:33:00,2011,Jon Ronson,,Health & Wellness - Psychology & Mental Health - Psychology - Social Psychology & Interactions
6/5/2012,The Windup Girl,Paolo Bacigalupi,19:34:00,2009,Jonathan Davis,,Science Fiction & Fantasy - Science Fiction - Hard Science Fiction
6/5/2012,Snow Crash,Neal Stephenson,17:03:00,2000,Jonathan Davis,,Science Fiction & Fantasy - Science Fiction - Hard Science Fiction
6/5/2012,Hominids,Robert J. Sawyer,11:26:00,2008,Jonathan Davis ,Neanderthal Parallax [1],Literature & Fiction - Historical Fiction
6/5/2012,The Vampire Armand,Anne Rice,15:46:00,2000,Jonathan Marosz,The Vampire Chronicles [6],
6/5/2012,Keep Going,Joseph M. Marshall III,3:52:00,2006,Joseph M. Marshall III,,Relationships| Parenting & Personal Development - Personal Development - Personal Success
6/5/2012,Christ the Lord: Out of Egypt,Anne Rice,9:10:00,2005,Josh Heine,The Life of Christ [1],Literature & Fiction - Historical Fiction
6/5/2012,Harsh Cry of the Heron,Lian Hearn,19:55:00,2006,Julia Fletcher ,Tales of the Otori [4],Literature & Fiction - Classics
6/5/2012,A History of God,Karen Armstrong,6:33:00,1999,Karen Armstrong,,Religion & Spirituality - Christianity - Ministry & Evangelism
6/5/2012,The Host,Stephenie Meyer,23:00:00,2008,Kate Reading,,Science Fiction & Fantasy - Fantasy
6/5/2012,Pandora,Anne Rice,9:09:00,2000,Kate Reading,New Tales of the Vampires [1],Literature & Fiction - Horror - Ghosts
6/5/2012,The Magician's Nephew,C. S. Lewis,3:57:00,2004,Kenneth Branagh,The Chronicles of Narnia (Publication Order) [6],Children's Audiobooks - Science Fiction & Fantasy - Fantasy & Magic - Action & Adventure
6/5/2012,Across the Nightingale Floor,Lian Hearn,8:25:00,2003,Kevin Gray ,Tales of the Otori [1],Literature & Fiction - Classics
6/5/2012,Brilliance of the Moon,Lian Hearn,9:56:00,2004,Kevin Gray ,Tales of the Otori [3],Literature & Fiction - Classics
6/5/2012,Dianetics,L. Ron Hubbard,4:30:00,2003,L. Ron Hubbard,,Relationships| Parenting & Personal Development - Personal Development
6/5/2012,Rapt,Winifred Gallagher,7:45:00,2009,Laural Merlington,,Relationships| Parenting & Personal Development - Personal Development - Personal Success
6/5/2012,The Physics of Star Trek,Lawrence M. Krauss,2:45:00,1999,Lawrence M. Krauss,,Science & Engineering - Science - Physics
6/5/2012,Kryon Book III,Lee Carroll,2:43:00,1999,Lee Carroll,,Religion & Spirituality - Occult - Unexplained Mysteries
6/5/2012,Switching Time,Richard Baer M.D.,12:57:00,2007,Lloyd James,,Health & Wellness - Psychology & Mental Health - Psychology
6/5/2012,Dianetics,L. Ron Hubbard,6:56:00,2003,Llyod Sherr,,Relationships| Parenting & Personal Development - Personal Development - Personal Success
6/5/2012,Prince Caspian,C. S. Lewis,4:40:00,2004,Lynn Redgrave,The Chronicles of Narnia (Publication Order) [2],Children's Audiobooks - Science Fiction & Fantasy - Fantasy & Magic - Action & Adventure
6/5/2012,Connectome,Sebastian Seung,10:45:00,2012,MacLeod Andrews,,Health & Wellness - Psychology & Mental Health - Psychology
6/5/2012,Reflex,Steven Gould,12:39:00,2011,MacLeod Andrews,Jumper [2],Science Fiction & Fantasy - Science Fiction
6/5/2012,The Time Traveler's Wife,Audrey Niffenegger,12:23:00,2003,Maggi-Meg Reed ,,Literature & Fiction - Classics
6/5/2012,What the Dog Saw,Malcolm Gladwell,12:49:00,2009,Malcolm Gladwell,,Health & Wellness - Psychology & Mental Health - Psychology - Social Psychology & Interactions
6/5/2012,Outliers,Malcolm Gladwell,7:18:00,2008,Malcolm Gladwell,,Politics & Social Sciences - Anthropology
6/5/2012,Blink,Malcolm Gladwell,7:44:00,2005,Malcolm Gladwell,,Relationships| Parenting & Personal Development - Personal Development - Personal Success
6/5/2012,Reamde,Neal Stephenson,38:29:00,2011,Malcolm Hillgartner,Dodge [1],Science Fiction & Fantasy - Science Fiction - Adventure
6/5/2012,Meditations to Live to be 100,Maoshing Ni,2:12:00,2009,Maoshing Ni,,Religion & Spirituality - Other Religions| Practices & Sacred Texts
6/5/2012,Unfinished Business,James Van Praagh,6:54:00,2009,Marc Cashman,,Religion & Spirituality - Occult - Parapsychology
6/5/2012,Happy for No Reason,Jack Canfield,6:04:00,2008,Marci Shimoff,,Relationships| Parenting & Personal Development - Personal Development - Personal Success
6/5/2012,A Course in Weight Loss,Marianne Williamson,6:44:00,2010,Marianne Williamson,,Relationships| Parenting & Personal Development - Personal Development - Self-Esteem
6/5/2012,The Mind-Body Code,Mario Martinez Psy.D,6:42:00,2010,Mario Martinez,,Health & Wellness - Alternative & Complementary Medicine
6/5/2012,UltraMetabolism,Mark Hyman,4:06:00,2006,Mark Hyman,,Health & Wellness - Fitness| Diet & Nutrition - Diets| Nutrition & Healthy Eating - Weight Loss & Weight Control
6/5/2012,Cracking the Millionaire Code,Mark Victor Hansen,8:37:00,2005,Mark Victor Hansen ,,Business & Careers
6/5/2012,You Are Not Your Brain,Jeffrey M. Schwartz M.D.,11:49:00,2011,Mel Foster,,Relationships| Parenting & Personal Development - Personal Development - Personal Success
6/5/2012,The Perfect Scent,Chandler Burr,12:07:00,2008,Mel Foster,,Business & Careers - Marketing & Sales - Marketing
6/5/2012,Spiritual Liberation,Michael Bernard Beckwith,8:34:00,2008,Michael Bernard Bechwith,,Relationships| Parenting & Personal Development - Personal Development - Personal Success
6/5/2012,Life Visioning,Michael Bernard Beckwith,5:55:00,2008,Michael Bernard Beckwith,,Health & Wellness - Alternative & Complementary Medicine - Meditation
6/5/2012,A Brief History of Time,Stephen Hawking,5:46:00,2012,Michael Jackson,,Science & Engineering - Science - Astronomy & Space Science - Astronomy
6/5/2012,The Fabric of the Cosmos,Brian Greene,22:36:00,2004,Michael Prichard,,Science & Engineering - Science - Astronomy & Space Science - Astronomy
6/5/2012,A User's Manual for the Human Experience,Michael W. Dean,10:42:00,2010,Michael W. Dean,,Biographies & Memoirs
6/5/2012,Brave New World,Aldous Huxley,7:59:00,1999,Michael York,,Literature & Fiction - Classics
6/5/2012,Robopocalypse,Daniel H. Wilson,12:39:00,2011,Mike Chamberlain,,Science Fiction & Fantasy - Science Fiction - Hard Science Fiction
6/5/2012,Manifesting Change,Mike Dooley,6:51:00,2010,Mike Dooley,,Relationships| Parenting & Personal Development - Personal Development - Personal Success
6/5/2012,More Notes from the Universe,Mike Dooley,2:27:00,2008,Mike Dooley,,Relationships| Parenting & Personal Development - Personal Development - Personal Success
6/5/2012,Infinite Possibilities,Mike Dooley,10:49:00,2009,Mike Dooley,,Relationships| Parenting & Personal Development - Personal Development - Personal Success
6/5/2012,Choose Them Wisely,Mike Dooley,3:51:00,2009,Mike Dooley,,Relationships| Parenting & Personal Development - Personal Development - Personal Success
6/5/2012,Leveraging the Universe and Engaging the Magic,Mike Dooley,3:48:00,2008,Mike Dooley,,Relationships| Parenting & Personal Development - Personal Development - Personal Success
6/5/2012,Notes from the Universe,Mike Dooley,2:25:00,2007,Mike Dooley,,Relationships| Parenting & Personal Development - Personal Development - Personal Success
6/5/2012,The Five People You Meet in Heaven,Mitch Albom,4:38:00,2004,Mitch Albom,,Literature & Fiction - Genre Fiction - Literary Fiction
6/5/2012,The Twilight Zone Radio Dramas,Twilight Zone Radio Dramas,3:11:00,2007,more ,,Science Fiction & Fantasy - Fantasy - Dramatizations
6/5/2012,Inner Winner,Mr. Kevin Mincher,1:42:00,2008,Mr. Kevin Mincher,,Education & Learning - Education
6/5/2012,Questions and Answers on Conversations with God,Neale Donald Walsch,4:21:00,2000,Neale Donald Walsch,,Religion & Spirituality - Spirituality
6/5/2012,The New Revelations,Neale Donald Walsch,6:00:00,2005,Neale Donald Walsch ,,Religion & Spirituality - Christianity - Ministry & Evangelism
6/5/2012,Communion with God,Neale Donald Walsch,5:57:00,2000,Neale Donald Walsch ,,Religion & Spirituality - Christianity - Bibles & Bible Study - Bible Study
6/5/2012,The Colour of Magic,Terry Pratchett,6:56:00,1999,Nigel Planer,,Science Fiction & Fantasy - Fantasy - Epic
6/5/2012,The Great Little Book of Afformations,Noah St. John,1:39:00,2007,Noah St John,,Relationships| Parenting & Personal Development - Personal Development - Personal Success
6/5/2012,Monster Hunter International,Larry Correia,24:00:00,2011,Oliver Wyman,Monster Hunter [1],Science Fiction & Fantasy - Fantasy - Paranormal & Urban - Paranormal
6/5/2012,Anathem,Neal Stephenson,32:26:00,2008,Oliver Wyman ,,Science Fiction & Fantasy - Fantasy - Historical
6/5/2012,The Divided Mind,John E. Sarno,6:19:00,2006,Paul Hecht ,,Health & Wellness - Physical Illness & Disease
6/5/2012,The Da Vinci Code,Dan Brown,16:59:00,2006,Paul Michael,Robert Langdon [2],Mystery| Thriller & Suspense - Thriller & Suspense - Suspense
6/5/2012,The New Psycho-Cybernetics,Maxwell Maltz edited by Dan S. Kennedy,11:43:00,2002,Paul Michael,,Relationships| Parenting & Personal Development - Personal Development - Personal Success
6/5/2012,How to Meditate with Pema Chodron,Pema Chödrön,5:51:00,2008,Pema Chodron,,Religion & Spirituality - Spirituality - Meditation
6/5/2012,The Voice of Knowledge,don Miguel Ruiz,2:35:00,2005,Peter Coyote,,Relationships| Parenting & Personal Development - Personal Development - Personal Success
6/5/2012,The Four Agreements,don Miguel Ruiz,2:31:00,2005,Peter Coyote,,Relationships| Parenting & Personal Development - Personal Development - Personal Success
6/5/2012,Where the Wild Things Are,Maurice Sendak,0:05:00,2006,Peter Schickele,,Education & Learning - Education
6/5/2012,Life Strategies,Phil McGraw,4:55:00,1999,Phil McGraw,,Relationships| Parenting & Personal Development - Personal Development - Personal Success
6/5/2012,The Screwtape Letters,C. S. Lewis,3:36:00,2006,Ralph Cosham,Screwtape [1],Comedy & Humor
6/5/2012,Under the Dome,Stephen King,34:24:00,2009,Raul Esparza,,Literature & Fiction - Horror
6/5/2012,The Martian Chronicles,Ray Bradbury,7:14:00,2002,Ray Bradbury,,Literature & Fiction - Anthologies & Short Stories - Anthologies
6/5/2012,The Head Trip,Jeff Warren,11:37:00,2007,Raymond Todd,,Health & Wellness - Psychology & Mental Health - Psychology
6/5/2012,The Secret,Rhonda Byrne,4:24:00,2006,Rhonda Byrne,The Secret [],Relationships| Parenting & Personal Development - Personal Development - Personal Success
6/5/2012,1984,George Orwell,11:28:00,1999,Richard Brown,,Teen & Young Adult - Arts & Entertainment
6/5/2012,Days of Magic Nights of War,Clive Barker,14:06:00,2005,Richard Ferrone,Abarat [2],Teen & Young Adult - Science Fiction & Fantasy - Fantasy - Action & Adventure
6/5/2012,Misquoting Jesus,Bart D. Ehrman,9:05:00,2006,Richard M. Davidson,,Religion & Spirituality - Christianity - Ministry & Evangelism
6/5/2012,Mozart's Brain and the Fighter Pilot,Richard M. Restak,6:05:00,2002,Richard M. Restak,,Health & Wellness - Psychology & Mental Health - Psychology
6/5/2012,A Short History of Nearly Everything,Bill Bryson,18:13:00,2003,Richard Matthews,,Science & Engineering - Science - Astronomy & Space Science - Astronomy
6/5/2012,Be Happy!: 50 Principles and Exercises to Help You Enjoy More Happiness Now,Robert Holden,6:41:00,2009,Robert Holden,,Relationships| Parenting & Personal Development - Personal Development - Personal Success
6/5/2012,I Am Legend,Richard Matheson,5:20:00,2006,Robertson Dean,,Science Fiction & Fantasy - Fantasy - Paranormal & Urban - Paranormal
6/5/2012,The Shack,Wm. Paul Young,8:47:00,2008,Roger Mueller,,Mystery| Thriller & Suspense - Thriller & Suspense - Suspense
6/5/2012,Blood and Gold,Anne Rice,18:36:00,2001,Roger Rees,The Vampire Chronicles [8],Literature & Fiction - Horror - Ghosts
6/5/2012,A Dance with Dragons,George R.R. Martin,48:55:00,2011,Roy Dotrice,A Song of Ice and Fire [5],Science Fiction & Fantasy - Fantasy - Epic
6/5/2012,A Feast for Crows,George R.R. Martin,33:51:00,2011,Roy Dotrice,A Song of Ice and Fire [4],Science Fiction & Fantasy - Fantasy - Epic
6/5/2012,A Storm of Swords,George R.R. Martin,47:34:00,2004,Roy Dotrice,A Song of Ice and Fire [3],Science Fiction & Fantasy - Fantasy - Epic
6/5/2012,A Game of Thrones,George R.R. Martin,33:46:00,2003,Roy Dotrice,A Song of Ice and Fire [1],Literature & Fiction - Genre Fiction - Movie| TV & Video Game Tie-Ins
6/5/2012,A Clash of Kings,George R.R. Martin,37:12:00,2003,Roy Dotrice,A Song of Ice and Fire [2],Science Fiction & Fantasy - Fantasy - Epic
6/5/2012,The Ice Limit,Douglas Preston,16:44:00,2010,Scott Brick,,Mystery| Thriller & Suspense - Thriller & Suspense - Suspense
6/5/2012,Spin,Robert Charles Wilson,17:28:00,2008,Scott Brick,Spin [1],Science Fiction & Fantasy - Fantasy
6/5/2012,The Omnivore's Dilemma,Michael Pollan,15:53:00,2006,Scott Brick,,Politics & Social Sciences - Anthropology
6/5/2012,Black River,Dean Koontz,2:10:00,2008,Scott Brick,,Mystery| Thriller & Suspense - Thriller & Suspense - Suspense
6/5/2012,I Robot,Isaac Asimov,8:20:00,2004,Scott Brick,Robots [0.1],Literature & Fiction - Anthologies & Short Stories - Short Stories
6/5/2012,Impact,Douglas Preston,11:38:00,2010,Scott Sowers,Wyman Ford [3],Mystery| Thriller & Suspense - Thriller & Suspense - Suspense
6/5/2012,All Marketers Are Liars,Seth Godin,4:17:00,2005,Seth Godin,,Business & Careers - Marketing & Sales - Marketing
6/5/2012,The Science of Enlightenment,Shinzen Young,16:02:00,1999,Shinzen Young,,Religion & Spirituality
6/5/2012,The Upside of Irrationality,Dan Ariely,8:18:00,2010,Simon Jones,,Health & Wellness - Psychology & Mental Health - Psychology
6/5/2012,And Another Thing...,Eoin Colfer,10:22:00,2009,Simon Jones,Hitchhiker's Guide to the Galaxy [6],Science Fiction & Fantasy - Science Fiction
6/5/2012,Predictably Irrational,Dan Ariely,7:22:00,2008,Simon Jones,,Politics & Social Sciences - Social Sciences
6/5/2012,The Salmon of Doubt,Douglas Adams,8:02:00,2002,Simon Jones ,,Comedy & Humor - Literature & Fiction - Satire
6/5/2012,Quicksilver,Neal Stephenson,22:01:00,2004,Simon Prebble ,,Science Fiction & Fantasy - Fantasy - Historical
6/5/2012,Miracles,C. S. Lewis,6:29:00,2005,Simon Vance,,Religion & Spirituality - Religious Studies - Philosophy
6/5/2012,Man's Search for Meaning,Viktor E. Frankl,4:44:00,2004,Simon Vance,,Health & Wellness - Psychology & Mental Health - Psychology
6/5/2012,Trust Your Vibes,Sonia Choquette,6:33:00,2004,Sonia Choquette,,
6/5/2012,On Intelligence,Jeff Hawkins,9:22:00,2005,Stefan Rudnicki ,,Health & Wellness - Psychology & Mental Health - Psychology
6/5/2012,Ender's Game,Orson Scott Card,11:57:00,2001,Stefan Rudnicki ,The Enderverse [5],Science Fiction & Fantasy - Science Fiction - Adventure
6/5/2012,The Wee Free Men,Terry Pratchett,7:09:00,2004,Stephen Briggs,Discworld [30],Teen & Young Adult - Science Fiction & Fantasy - Fantasy - Action & Adventure
6/5/2012,The Google Story,David A. Vise,10:25:00,2005,Stephen Hoye,,Money & Finance - Personal Finance
6/5/2012,Born Standing Up,Steve Martin,4:02:00,2007,Steve Martin,,Biographies & Memoirs - Entertainment & Celebrities
6/5/2012,The Self-Hypnosis Diet,Steven Gurgevich,3:39:00,2005,Steven Gurgevich,,Relationships| Parenting & Personal Development - Personal Development - Personal Success
6/5/2012,Hidden Dimensions,B. Alan Wallace,6:27:00,2008,Stow Lovejoy,,Health & Wellness - Psychology & Mental Health - Psychology
6/5/2012,The Tell-Tale Heart,Edgar Allan Poe,0:17:00,2008,Stuart Blinder,,Teen & Young Adult - Arts & Entertainment
6/5/2012,Bloodsucking Fiends,Christopher Moore,9:20:00,2008,Susan Bennett,Love Story [1],Science Fiction & Fantasy - Fantasy - Paranormal & Urban - Paranormal
6/5/2012,What the Bleep Do We Know,William Arntz,11:25:00,2010,Suzanne Toren,,Relationships| Parenting & Personal Development - Personal Development - Personal Success
6/5/2012,The Essence of the Bhagavad Gita,Swami Kriyananda,19:47:00,2007,Swami Kriyananda,,Relationships| Parenting & Personal Development - Personal Development - Personal Success
6/5/2012,Secrets of the Millionaire Mind,T. Harv Eker,3:19:00,2005,T. Harv Eker,,Relationships| Parenting & Personal Development - Personal Development - Personal Success
6/5/2012,Healing Mantras,Thomas Ashely-Farrand,1:10:00,2001,Thomas Ashley-Farrand,,Religion & Spirituality - Spirituality - Meditation
6/5/2012,A Christmas Carol: A Signature Performance by Tim Curry,Charles Dickens,3:31:00,2010,Tim Curry,,Literature & Fiction - Classics
6/5/2012,The End,Lemony Snicket,5:52:00,2006,Tim Curry,A Series of Unfortunate Events [13],Children's Audiobooks - Growing Up & Facts of Life
6/5/2012,The Penultimate Peril,Lemony Snicket,6:26:00,2005,Tim Curry,A Series of Unfortunate Events [12],Children's Audiobooks - Growing Up & Facts of Life
6/5/2012,The Vile Village,Lemony Snicket,4:17:00,2004,Tim Curry,A Series of Unfortunate Events [7],Children's Audiobooks - Growing Up & Facts of Life
6/5/2012,The Slippery Slope,Lemony Snicket,6:01:00,2004,Tim Curry,A Series of Unfortunate Events [10],Children's Audiobooks - Growing Up & Facts of Life
6/5/2012,The Hostile Hospital,Lemony Snicket,4:12:00,2004,Tim Curry,A Series of Unfortunate Events [8],Children's Audiobooks - Growing Up & Facts of Life
6/5/2012,The Carnivorous Carnival,Lemony Snicket,4:50:00,2004,Tim Curry,A Series of Unfortunate Events [9],Literature & Fiction - Genre Fiction - Literary Fiction
6/5/2012,The Grim Grotto,Lemony Snicket,5:59:00,2004,Tim Curry,A Series of Unfortunate Events [11],Children's Audiobooks - Growing Up & Facts of Life
6/5/2012,The Ersatz Elevator,Lemony Snicket,4:23:00,2004,Tim Curry,A Series of Unfortunate Events [6],Children's Audiobooks - Action & Adventure
6/5/2012,The Mind's Sky,Timothy Ferris,6:13:00,1999,Timothy Ferris,,Science & Engineering - Science - Astronomy & Space Science - Astronomy
6/5/2012,Altered Carbon,Richard K. Morgan,17:10:00,2005,Todd McLaren,Takeshi Kovacs Trilogy [1],Science Fiction & Fantasy - Science Fiction
6/5/2012,Attaining the Worlds Beyond,Rabbi Michael Laitman,12:32:00,2003,Tony Kosinec,,Religion & Spirituality - Occult
6/5/2012,Subattraction Better Sleep,Craig Beck,0:47:00,2011,uncredited,,Relationships| Parenting & Personal Development - Personal Development - Self-Hypnosis
6/5/2012,The Kingdoms and the Elves of the Reaches,Robert Stanek,5:04:00,2005,uncredited,Keeper Martin's Tales for Teens [1],Science Fiction & Fantasy - Fantasy - Epic
6/5/2012,Cryptonomicon,Neal Stephenson,42:44:00,2009,William Dufris,,Literature & Fiction - Genre Fiction - Literary Fiction
6/5/2012,Lord of the Flies,William Golding,6:35:00,2003,William Golding,,Teen & Young Adult - Arts & Entertainment
6/5/2012,Freedom's Way,Zephyr Bloch-Jorgensen,4:20:00,2008,Zephyr Bloch-Jorgensen,,Relationships| Parenting & Personal Development - Personal Development - Personal Success
6/10/2012,Civilization,Niall Ferguson,13:05:00,2011,Niall Ferguson,,History - World - Civilization
6/10/2012,Amped,Daniel H. Wilson,8:42:00,2012,Robbie Daymond,,Science Fiction & Fantasy - Science Fiction
7/5/2012,The New Science of Persuasion & Influence,Craig Beck,3:08:00,2011,Craig Beck,,Business & Careers - Career Success
7/5/2012,Monster Hunter Vendetta,Larry Correia,21:11:00,2011,Oliver Wyman,Monster Hunter [2],Science Fiction & Fantasy - Fantasy - Paranormal & Urban - Paranormal
8/6/2012,14,Peter Clines,12:34:00,2012,Ray Porter,Threshold Universe [],Science Fiction & Fantasy - Science Fiction - Adventure
8/6/2012,Stories I Only Tell My Friends,Rob Lowe,9:10:00,2011,Rob Lowe,,Biographies & Memoirs - Entertainment & Celebrities
9/8/2012,The Time Keeper,Mitch Albom,4:42:00,2012,Dan Stevens,,Literature & Fiction - Genre Fiction - Metaphysical & Visionary
9/8/2012,The Gifts of Imperfection,Brené Brown,4:42:00,2010,Lauren Fortgang,,Relationships| Parenting & Personal Development - Personal Development - Personal Success
9/8/2012,Patient Zero,Jonathan Maberry,14:47:00,2010,Ray Porter,Joe Ledger [1],Mystery| Thriller & Suspense - Thriller & Suspense - Suspense
9/13/2012,A Tale of Two Cities [Tantor],Charles Dickens,13:39:00,2009,Simon Vance,,Literature & Fiction - Classics
9/30/2012,Ex-Heroes,Peter Clines,8:33:00,2011,Jay Snyder ,Ex-Heroes [1],Science Fiction & Fantasy - Fantasy - Paranormal & Urban - Paranormal
9/30/2012,I Am,Neil Douglas-Klotz,6:39:00,2012,Neil Douglas-Klotz,,Religion & Spirituality - Spirituality - Meditation
10/24/2012,Your First Listen,,0:04:00,2006,,,
10/29/2012,Proof of Heaven,Eben Alexander,6:14:00,2012,Eben Alexander,,Health & Wellness - Psychology & Mental Health - Psychology
10/29/2012,Monster Hunter Alpha,Larry Correia,18:47:00,2011,Oliver Wyman,Monster Hunter [3],Science Fiction & Fantasy - Fantasy - Paranormal & Urban - Paranormal
11/21/2012,Ex-Patriots,Peter Clines,11:55:00,2011,Jay Snyder ,Ex-Heroes [2],Science Fiction & Fantasy - Science Fiction
12/3/2012,The Unlikely Pilgrimage of Harold Fry,Rachel Joyce,9:57:00,2012,Jim Broadbent,Harold Fry [1],Literature & Fiction - Genre Fiction - Literary Fiction
1/2/2013,A Course in Miracles: Workbook for Students Vol. 2,Dr. Helen Schucman - scribe,19:57:00,2012,Jim Stewart,A Course in Miracles [2],Religion & Spirituality - Other Religions| Practices & Sacred Texts
1/2/2013,Mantra: Sacred Words of Power,Thomas Ashely-Farrand,7:48:00,2012,Thomas Ashley-Farrand,,Religion & Spirituality - Spirituality
2/3/2013,Impulse,Steven Gould,11:33:00,2013,Emily Rankin,Jumper [3],Science Fiction & Fantasy - Science Fiction - Adventure
2/3/2013,Monster Hunter Legion,Larry Correia,16:59:00,2012,Oliver Wyman,Monster Hunter [4],Literature & Fiction - Classics
2/13/2013,The Untethered Soul,Michael A. Singer,6:11:00,2011,Peter Berkrot,,Relationships| Parenting & Personal Development - Personal Development - Personal Success
3/2/2013,Inverted World,Christopher Priest,9:43:00,2012,Steven Cree,,Science Fiction & Fantasy - Science Fiction
3/9/2013,Odd Thomas,Dean Koontz,10:36:00,2003,David Aaron Baker,Odd Thomas [1],Mystery| Thriller & Suspense - Thriller & Suspense - Suspense
4/13/2013,Lightning,Dean Koontz,12:58:00,2008,Christopher Lane,,Mystery| Thriller & Suspense - Thriller & Suspense - Suspense
4/13/2013,The Accidental Time Machine,Joe Haldeman,7:53:00,2008,Kevin Free,,Mystery| Thriller & Suspense - Thriller & Suspense - Suspense
4/26/2013,Extraordinary Leadership,Robin Sharma,1:06:00,2008,uncredited,,
4/28/2013,Infinite Potential,Deepak Chopra,10:56:00,2013,John H. Mayer ,,Relationships| Parenting & Personal Development - Personal Development - Personal Success
4/28/2013,Naked Statistics,Charles Wheelan,10:48:00,2013,Jonathan Davis,,Politics & Social Sciences - Social Sciences
5/23/2013,Language Intelligence,Joseph J. Romm,4:19:00,2012,Drew Birdseye,,Relationships| Parenting & Personal Development - Personal Development - Communication & Social Skills
5/23/2013,Brand New You,Tony Wrighton,0:26:00,2010,Tony Wrighton ,,
5/25/2013,The Great Gatsby,F. Scott Fitzgerald,4:49:00,2013,Jake Gyllenhaal,,Literature & Fiction - Classics
5/25/2013,Beyond Religion,His Holiness the Dalai Lama,5:43:00,2011,Martin Sheen,,Relationships| Parenting & Personal Development - Personal Development - Personal Success
5/25/2013,The Rithmatist,Brandon Sanderson,10:23:00,2013,Michael Kramer,The Rithmatist [1],Teen & Young Adult - Science Fiction & Fantasy - Fantasy - Action & Adventure
6/7/2013,Oh the Places You'll Go!,Dr. Seuss,0:07:00,2013,John Lithgow,,Relationships| Parenting & Personal Development - Personal Development - Personal Success
7/8/2013,Hard Magic,Larry Correia,16:22:00,2011,Bronson Pinchot,Grimnoir Chronicles [1],Science Fiction & Fantasy - Fantasy - Paranormal & Urban - Contemporary
7/8/2013,The Rook,Daniel O'Malley,17:46:00,2012,Susan Duerden,The Rook Files [1],Science Fiction & Fantasy - Fantasy - Paranormal & Urban - Paranormal
8/12/2013,How to Create a Mind,Ray Kurzweil,10:08:00,2012,Christopher Lane,,Science & Engineering - Science - Biological Sciences
8/12/2013,The Night Circus,Erin Morgenstern,13:40:00,2011,Jim Dale,,Literature & Fiction - Genre Fiction - Literary Fiction
8/27/2013,The FREE Prologue & 5-Chapter Sampler of Steelheart,Brandon Sanderson,1:33:00,2013,Macleod Andrews,,Science Fiction & Fantasy - Science Fiction
9/15/2013,Spellbound,Larry Correia,16:52:00,2012,Bronson Pinchot,Grimnoir Chronicles [2],Science Fiction & Fantasy - Fantasy - Paranormal & Urban - Paranormal
9/15/2013,Warbound,Larry Correia,17:16:00,2013,Bronson Pinchot,Grimnoir Chronicles [3],Science Fiction & Fantasy - Fantasy - Paranormal & Urban - Paranormal
10/2/2013,Steelheart,Brandon Sanderson,12:42:00,2013,MacLeod Andrews,Reckoners [1],Teen & Young Adult - Science Fiction & Fantasy - Science Fiction - Dystopian
10/12/2013,There's More to Life than This,Theresa Caputo,7:40:00,2013,Theresa Caputo,,Arts & Entertainment - Entertainment & Performing Arts - Film & TV
10/30/2013,Ex-Communication,Peter Clines,11:00:00,2013,Jay Snyder ,Ex-Heroes [3],Science Fiction & Fantasy - Science Fiction - Adventure
11/8/2013,This Book Is Full of Spiders,David Wong,14:49:00,2012,Nick Podehl,John Dies at the End [2],Literature & Fiction - Horror
12/4/2013,Conversations with God: An Uncommon Dialogue Book 1,Neale Donald Walsch,8:24:00,2009,Neale Donald Walsch ,Conversations with God [1],Religion & Spirituality - Occult
12/15/2013,Free: The Secret Life of Walter Mitty,James Thurber,0:15:00,2013,Ben Stiller,,Literature & Fiction - Anthologies & Short Stories - Anthologies
12/15/2013,The 4 Essentials,Cliff Michaels,4:55:00,2013,Cliff Michaels,,Business & Careers - Career Success
1/7/2014,FREE: The Future of a Radical Price,Chris Anderson,6:58:00,2009,Chris Anderson,,Business & Careers - Management & Leadership
1/9/2014,Absolute Midnight,Clive Barker,15:19:00,2012,Richard Ferrone,Abarat [3],Teen & Young Adult - Science Fiction & Fantasy - Fantasy - Action & Adventure
1/14/2014,Ex-Purgatory,Peter Clines,10:24:00,2014,Jay Snyder,Ex-Heroes [4],Science Fiction & Fantasy - Science Fiction - Adventure
2/13/2014,Coreyography,Corey Feldman,8:52:00,2013,Corey Feldman,,Biographies & Memoirs - Entertainment & Celebrities
2/17/2014,The Ego Tunnel,Thomas Metzinger,10:24:00,2009,Kevin Pariseau,,Science & Engineering - Science - History & Philosophy - Philosophy
3/10/2014,I Can See Clearly Now,Dr. Wayne W. Dyer,12:04:00,2014,Dr. Wayne W. Dyer,,Relationships| Parenting & Personal Development - Personal Development - Personal Success
3/10/2014,The Warded Man,Peter V. Brett,18:10:00,2009,Pete Bradbury,The Demon Cycle [1],Science Fiction & Fantasy - Science Fiction - Adventure
4/6/2014,Dead Six,Larry Correia,21:26:00,2014,Bronson Pinchot,Dead Six [1],Mystery| Thriller & Suspense - Thriller & Suspense - Suspense
4/6/2014,Sandman Slim,Richard Kadrey,10:28:00,2009,MacLeod Andrews,Sandman Slim [1],Literature & Fiction - Classics
5/15/2014,The First Phone Call from Heaven,Mitch Albom,7:40:00,2013,Mitch Albom,,Literature & Fiction - Genre Fiction - Family Life
5/15/2014,Nerd Do Well,Simon Pegg,4:50:00,2011,Simon Pegg,,Biographies & Memoirs - Entertainment & Celebrities
6/1/2014,Eat That Frog!,Brian Tracy,2:37:00,2006,Brian Tracy,,Relationships| Parenting & Personal Development - Personal Development - Personal Success
6/4/2014,Conversations with God: An Uncommon Dialogue Book 2,Neale Donald Walsch,8:35:00,2008,Ellen Burstyn ,Conversations with God [2],Religion & Spirituality - Christianity - Ministry & Evangelism
6/10/2014,Robogenesis,Daniel H. Wilson,15:56:00,2014,Mike Chamberlain ,,Science Fiction & Fantasy - Fantasy
6/30/2014,Ready Player One,Ernest Cline,15:40:00,2011,Wil Wheaton,Ready Player One [1],Science Fiction & Fantasy - Science Fiction - Hard Science Fiction
7/1/2014,Monster Hunter Nemesis,Larry Correia,16:31:00,2014,Oliver Wyman,Monster Hunter [5],Science Fiction & Fantasy - Fantasy - Paranormal & Urban - Paranormal
8/17/2014,Practicing Mindfulness: An Introduction to Meditation,Mark W. Muesse,12:29:00,2013,Mark W. Muesse,The Great Courses: Better Living [],Health & Wellness - Alternative & Complementary Medicine - Meditation
8/17/2014,Lycan Fallout,Mark Tufo,11:19:00,2013,Sean Runnette,Lycan Fallout [1],Science Fiction & Fantasy - Fantasy - Paranormal & Urban - Paranormal
9/13/2014,Sacred Sound,Bodhipaksa,2:11:00,2011,Bodhipaksa ,,Religion & Spirituality - Spirituality - Meditation
9/13/2014,Exo,Steven Gould,15:58:00,2014,Emily Rankin,Jumper [4],Science Fiction & Fantasy - Science Fiction - Adventure
9/13/2014,Shark Tank Jump Start Your Business,Michael Parrish DuDell,6:05:00,2013,Michael Parrish DuDell,,Business & Careers - Career Success
10/3/2014,The Conservative Nanny State,Dean Baker,6:29:00,2008,Sandra Swafford,,Money & Finance - Economics
10/11/2014,FREE: Mitosis: A Reckoners Story,Brandon Sanderson,1:03:00,2013,MacLeod Andrews,,Teen & Young Adult - Arts & Entertainment
10/13/2014,The Small Big,Steve J. Martin,7:55:00,2014,Mike Chamberlain,,Relationships| Parenting & Personal Development - Personal Development - Personal Success
10/13/2014,Zealot,Reza Aslan,8:08:00,2013,Reza Aslan,,Religion & Spirituality - Christianity - Ministry & Evangelism
11/18/2014,Neverwhere,Neil Gaiman,13:48:00,2017,Neil Gaiman,,Science Fiction & Fantasy - Fantasy - Paranormal & Urban - Contemporary
11/18/2014,Yesterday's Gone: Season 1 - Episode 1,Sean Platt,2:55:00,2014,Ray Chase ,Yesterday's Gone [1],Science Fiction & Fantasy - Science Fiction - Adventure
11/30/2014,You Can You Will,Joel Osteen,3:40:00,2014,Joel Osteen,,Relationships| Parenting & Personal Development - Personal Development - Personal Success
11/30/2014,Legion: Skin Deep,Brandon Sanderson,4:23:00,2014,Oliver Wyman,Legion [2],Science Fiction & Fantasy - Fantasy - Paranormal & Urban - Contemporary
11/30/2014,Zombie Fallout 7: For The Fallen,Mark Tufo,10:55:00,2013,Sean Runnette,Zombie Fallout [7],Science Fiction & Fantasy - Science Fiction - Adventure
12/6/2014,Tokyo Raider,Larry Correia,1:08:00,2014,Bronson Pinchot,Grimnoir Chronicles [],Science Fiction & Fantasy - Fantasy - Paranormal & Urban - Paranormal
1/11/2015,America's Bitter Pill,Steven Brill,17:10:00,2015,Dan Woren,,Health & Wellness - Medicine & Health Care Industry - Policy & Administration
1/11/2015,Theatre of the Mind,Matt Furey,9:35:00,2014,Matt Furey,Nightingale-Conant: Achievement [],
1/11/2015,Yesterday's Gone: Season One,Sean Platt,15:43:00,2013,Ray Chase ,Yesterday's Gone [1-6],Literature & Fiction - Horror
1/23/2015,Stuff Matters,Mark Miodownik,6:34:00,2014,Michael Page,,History
1/23/2015,Yesterday's Gone: Season 2,Sean Platt,16:12:00,2014,Ray Chase ,Yesterday's Gone [7-12],Science Fiction & Fantasy - Science Fiction - Adventure
2/9/2015,The Top Ten Things Dead People Want to Tell You,Mike Dooley,6:33:00,2014,Mike Dooley,,Politics & Social Sciences - Philosophy
2/28/2015,Mr. Penumbra's 24-Hour Bookstore,Robin Sloan,7:41:00,2012,Ari Fliakos,Mr. Penumbra's 24-Hour Bookstore [1],Literature & Fiction - Genre Fiction - Literary Fiction
3/17/2015,Face the Music,Paul Stanley,12:16:00,2014,Paul Stanley,,Biographies & Memoirs - Entertainment & Celebrities
4/15/2015,Fragment of God,Craig Beck,3:01:00,2014,Craig Beck,,Religion & Spirituality - Christianity - Ministry & Evangelism
5/8/2015,Become an Idea Machine,Claudia Azula Altucher,3:55:00,2015,Claudia Azula Altucher,,Relationships| Parenting & Personal Development - Personal Development - Personal Success
5/8/2015,Zombie Fallout 8,Mark Tufo,10:35:00,2014,Sean Runnette,Zombie Fallout [8],Science Fiction & Fantasy - Science Fiction - Adventure
5/17/2015,The Power Habits System,Noah St. John,6:43:00,2014,Noah St. John,Nightingale-Conant: Achievement [],Relationships| Parenting & Personal Development - Personal Development - Personal Success
5/17/2015,The Practicing Mind,Thomas M. Sterner,3:51:00,2009,Thomas M. Sterner,,Relationships| Parenting & Personal Development - Personal Development - Personal Success
5/21/2015,Seveneves,Neal Stephenson,31:55:00,2015,Mary Robinette Kowal ,,Science Fiction & Fantasy - Fantasy
5/28/2015,The Fold,Peter Clines,10:52:00,2015,Ray Porter,Threshold Universe [],Science Fiction & Fantasy - Science Fiction - Adventure
7/12/2015,You Are a Badass,Jen Sincero,5:45:00,2013,Jen Sincero,,Relationships| Parenting & Personal Development - Personal Development - Personal Success
7/13/2015,Armada,Ernest Cline,11:50:00,2015,Wil Wheaton,,Science Fiction & Fantasy - Science Fiction - Adventure
7/20/2015,Yesterday's Gone: Season Three,Sean Platt,13:58:00,2015,Ray Chase ,Yesterday's Gone [13],Literature & Fiction - Horror
8/16/2015,A Mind for Numbers,Barbara Oakley,7:02:00,2014,Grover Gardner,,Relationships| Parenting & Personal Development - Personal Development - Personal Success
8/16/2015,Developing Your Sixth Sense,Stuart Wilde,6:07:00,2014,Stuart Wilde,Nightingale-Conant: Mind & Body [],Relationships| Parenting & Personal Development - Personal Development - Personal Success
9/17/2015,Triggers,Marshall Goldsmith,6:36:00,2015,Marshall Goldsmith,,Relationships| Parenting & Personal Development - Personal Development - Personal Success
9/17/2015,Invasion,Sean Platt,8:10:00,2015,Ray Porter,Alien Invasion (Platt/Truant) [1],Mystery| Thriller & Suspense - Thriller & Suspense - Suspense
10/15/2015,Schizo,Nic Sheff,5:12:00,2014,Michael Crouch,,Teen & Young Adult - Literature & Fiction - Difficult Situations - Depression & Mental Health - Depression
10/15/2015,Letting Go,Dr. David R. Hawkins,12:23:00,2014,Peter Lownds PhD,,Relationships| Parenting & Personal Development - Personal Development - Personal Success
11/12/2015,The Breakers Omnibus,Edward W. Robertson,42:23:00,2015,Ray Chase,Breakers [0.5-3],Science Fiction & Fantasy - Science Fiction
11/12/2015,Robot Proletariat Season One,Sean Platt,6:55:00,2014,Simon Whistler,,Science Fiction & Fantasy - Science Fiction - Dystopian
12/6/2015,Living 'A Course in Miracles',Kenneth Wapnick Ph.D.,9:27:00,2014,Kenneth Wapnick Ph.D.,Nightingale-Conant: Spiritual Growth [],Religion & Spirituality - Spirituality
12/6/2015,The End of Death - Volume One,Nouk Sanchez,13:57:00,2014,Nouk Sanchez,The End of Death [1],Religion & Spirituality - Spirituality - New Thought
1/15/2016,FREE: Portlandia Travelogue: The Brussels to Antwerp Express,Fred Armisen,0:15:00,2016,Candace Devereaux (Fred Armisen),,Arts & Entertainment - Art
1/15/2016,Locke & Key,Joe Hill,13:23:00,2015,full cast ,,Literature & Fiction - Horror
1/15/2016,The Bhagavad Gita,Eknath Easwaran,8:54:00,2014,Paul Bazely,,Religion & Spirituality - Hinduism
1/15/2016,Travelers Rest,Keith Lee Morris,11:26:00,2016,Peter Berkrot,,Literature & Fiction - Genre Fiction - Literary Fiction
2/2/2016,Ex-Isle,Peter Clines,11:55:00,2016,Jay Snyder ,Ex-Heroes [5],Science Fiction & Fantasy - Science Fiction - Adventure
2/2/2016,Tattered Remnants,Mark Tufo,11:29:00,2016,Sean Runnette,Zombie Fallout [9],Science Fiction & Fantasy - Science Fiction - Adventure
2/26/2016,The Republic of Pirates,Colin Woodard,13:26:00,2015,Lewis Grenville,,Biographies & Memoirs - True Crime
3/16/2016,Unglued Devotional,Lysa TerKeurst,4:17:00,2012,Julia Barnett-Tracy,,Religion & Spirituality - Christianity - Ministry & Evangelism
4/16/2016,The Motivation Manifesto,Brendon Burchard,6:51:00,2014,Brendon Burchard,,Relationships| Parenting & Personal Development - Personal Development - Personal Success
4/16/2016,Contact,Sean Platt,9:42:00,2016,Ray Porter,Alien Invasion (Platt/Truant) [2],Mystery| Thriller & Suspense - Thriller & Suspense - Suspense
5/16/2016,The Code of the Extraordinary Mind,Vishen Lakhiani,9:00:00,2016,Vishen Lakhiani,,Relationships| Parenting & Personal Development - Personal Development
5/25/2016,The Adventures of Tom Stranger Interdimensional Insurance Agent,Larry Correia,2:03:00,2016,Adam Baldwin,The Adventures of Tom Stranger Interdimensional Insurance Agent  [],Science Fiction & Fantasy - Science Fiction
6/18/2016,Fitness Confidential,Vinnie Tortorich,7:16:00,2013,Vinnie Tortorich,,Biographies & Memoirs
6/30/2016,The Chronothon,Nathan Van Coops,19:43:00,2015,Neil Hellegers,In Times Like These [2],Teen & Young Adult - Science Fiction & Fantasy - Fantasy
7/14/2016,Colonization,Sean Platt,10:13:00,2016,Ray Porter,Alien Invasion (Platt/Truant) [3],Mystery| Thriller & Suspense - Thriller & Suspense - Suspense
7/14/2016,Heads I Win Tails I Win,Spencer Jakab,8:30:00,2016,Sean Pratt,,Money & Finance - Personal Finance
8/3/2016,Monster Hunter Memoirs: Grunge,Larry Correia,12:21:00,2016,Oliver Wyman,Monster Hunter [],Science Fiction & Fantasy - Fantasy - Paranormal & Urban - Paranormal
8/13/2016,The Zero Point,Joe Vitale,5:35:00,2014,Dr. Joe Vitale,Nightingale-Conant: Spiritual Growth [],Relationships| Parenting & Personal Development - Personal Development - Personal Success
8/15/2016,It,Stephen King,44:55:00,2016,Steven Weber,,Literature & Fiction - Horror
8/31/2016,Dark Matter,Blake Crouch,10:08:00,2016,Jon Lindstrom,,Mystery| Thriller & Suspense - Thriller & Suspense - Suspense
9/17/2016,Super Powereds: Year 1,Drew Hayes,26:11:00,2016,Kyle McCarley,Super Powereds [1],Literature & Fiction - Action & Adventure
9/30/2016,The Girl with All the Gifts,M. R. Carey,13:04:00,2014,Finty Williams,The Girl with All the Gifts [1],Science Fiction & Fantasy - Science Fiction - Adventure
9/30/2016,The Physics of the Dead,Luke Smitherd,9:10:00,2016,Luke Smitherd,,Literature & Fiction - Horror - Ghosts
10/15/2016,Algorithms to Live By,Brian Christian,11:50:00,2016,Brian Christian,,Health & Wellness - Psychology & Mental Health - Psychology
11/9/2016,Annihilation,Sean Platt,9:50:00,2016,Kevin Pierce,Alien Invasion (Platt/Truant) [4],Science Fiction & Fantasy - Science Fiction - Adventure
11/9/2016,Super Powereds: Year 2,Drew Hayes,32:04:00,2016,Kyle McCarley,Super Powereds [2],Literature & Fiction - Classics
12/1/2016,Prince Lestat and the Realms of Atlantis,Anne Rice,17:13:00,2016,Simon Vance,The Vampire Chronicles [12],Science Fiction & Fantasy - Fantasy - Paranormal & Urban - Paranormal
12/23/2016,Monster Hunter Memoirs: Sinners,Larry Correia,10:30:00,2016,Oliver Wyman,Monster Hunter [],Science Fiction & Fantasy - Fantasy - Paranormal & Urban - Paranormal
12/23/2016,You Can't Make This Stuff Up,Theresa Caputo,7:36:00,2014,Theresa Caputo,,Religion & Spirituality - Occult - Unexplained Mysteries
1/26/2017,The Life-Changing Magic of Tidying Up,Marie Kondo,4:50:00,2016,Emily Woo Zeller,,Relationships| Parenting & Personal Development - Personal Development - Personal Success
1/26/2017,Super Powereds: Year 3,Drew Hayes,41:00:00,2016,Kyle McCarley,Super Powereds [3],Literature & Fiction - Classics
1/26/2017,We Are Legion (We Are Bob),Dennis E. Taylor,9:56:00,2016,Ray Porter,Bobiverse [1],Science Fiction & Fantasy - Science Fiction - Hard Science Fiction
2/26/2017,A Child Called 'It',David Pelzer,3:46:00,2007,Brian Keeler,,Biographies & Memoirs
4/3/2017,The Hoarder in You,Dr. Robin Zasio,7:35:00,2011,Cassandra Campbell,,Health & Wellness - Psychology & Mental Health - Psychology
4/11/2017,Life on Earth,Mike Dooley,7:19:00,2016,Mike Dooley,,Relationships| Parenting & Personal Development - Personal Development - Personal Success
4/11/2017,Those Left Behind,Mark Tufo,10:32:00,2017,Sean Runnette,Zombie Fallout [10],Science Fiction & Fantasy - Science Fiction - Adventure
5/9/2017,Lock In (Narrated by Wil Wheaton),John Scalzi,9:56:00,2014,Wil Wheaton,Lock In Series [1],Science Fiction & Fantasy - Fantasy
5/13/2017,Go Ask Alice,Anonymous,5:07:00,2007,Christina Moore,,Teen & Young Adult - Literature & Fiction - Difficult Situations
5/13/2017,Galapagos,Kurt Vonnegut,8:01:00,2009,Jonathan Davis,,Literature & Fiction - Classics
6/2/2017,All Our Wrong Todays,Elan Mastai,10:02:00,2017,Elan Mastai,,Literature & Fiction - Genre Fiction - Literary Fiction
6/2/2017,Tourists of the Apocalypse,C. F. Waller,12:27:00,2017,J. Scott Bennett,,Science Fiction & Fantasy - Science Fiction - Post-Apocalyptic
6/8/2017,Ep. 1: Andy Kindler,Jonathan Katz,0:12:00,2017,Jonathan Katz ,Dr. Katz: The Audio Files by Audible Comedy [1],Comedy & Humor - Performing Arts
6/8/2017,Ep. 2: Ray Romano,Jonathan Katz,0:13:00,2017,Jonathan Katz ,Dr. Katz: The Audio Files by Audible Comedy [2],Comedy & Humor - Performing Arts
6/8/2017,Ep. 3: Sarah Silverman,Jonathan Katz,0:12:00,2017,Sarah Silverman ,Dr. Katz: The Audio Files by Audible Comedy [3],
6/22/2017,The Rise and Fall of D.O.D.O.,Neal Stephenson,24:27:00,2017,Will Damron ,The Rise and Fall of D.O.D.O. [1],Science Fiction & Fantasy - Science Fiction - Adventure
6/27/2017,White Oleander,Janet Fitch,6:21:00,2009,Oprah Winfrey,,Literature & Fiction - Genre Fiction - Contemporary Fiction
7/17/2017,Spoonbenders,Daryl Gregory,14:02:00,2017,Ari Fliakos,,Literature & Fiction - Genre Fiction - Literary Fiction
7/25/2017,A Piece of Cake,Cupcake Brown,21:02:00,2006,Bahni Turpin,,Biographies & Memoirs - Cultural & Regional
7/29/2017,The Tao of Pooh,Benjamin Hoff,2:46:00,2012,Simon Vance,,Comedy & Humor
8/13/2017,The X-Files: Cold Cases,Dirk Maggs - adaptation,4:04:00,2017,David Duchovny ,The X-Files (Audible Original) [1],Science Fiction & Fantasy - Fantasy - Paranormal & Urban - Paranormal
8/26/2017,The Speed of Dark,Elizabeth Moon,14:38:00,2008,Jay Snyder,,Literature & Fiction - Genre Fiction - Literary Fiction
8/30/2017,Monster Hunter Siege,Larry Correia,15:33:00,2017,Oliver Wyman,Monster Hunter [6],Science Fiction & Fantasy - Fantasy - Paranormal & Urban - Paranormal
9/7/2017,Extracted,R. R. Haywood,12:40:00,2017,Carl Prekopp,Extracted [1],Science Fiction & Fantasy - Science Fiction - Adventure
9/21/2017,Infinite Jest,David Foster Wallace,56:12:00,2012,Sean Pratt,,Literature & Fiction - Classics
9/25/2017,Reincarnation Blues,Michael Poore,13:03:00,2017,Mark Bramhall,,Literature & Fiction - Genre Fiction - Literary Fiction
10/19/2017,Paradox Bound,Peter Clines,12:31:00,2017,Ray Porter,,Science Fiction & Fantasy - Science Fiction - Adventure
10/28/2017,Hope and Other Luxuries,Clare B. Dunkle,22:04:00,2015,Abby Craden,,Biographies & Memoirs
11/1/2017,Brave New World,Aldous Huxley,8:00:00,2008,Michael York,,Literature & Fiction - Classics
11/24/2017,Elena Vanishing,Elena Dunkle,8:59:00,2015,Lauren Fortgang,,Biographies & Memoirs
11/29/2017,Meditations,Marcus Aurelius,5:09:00,2011,Duncan Steen,,Literature & Fiction - Classics
12/4/2017,Peak Performance,Brad Stulberg,6:34:00,2017,Christopher Lane,,Relationships| Parenting & Personal Development - Personal Development - Personal Success
12/13/2017,A Gift of Time,Jerry Merritt,11:46:00,2017,Christopher Lane,,Science Fiction & Fantasy - Fantasy
12/21/2017,The Monster Hunter Files,Larry Correia,13:50:00,2017,Oliver Wyman ,Monster Hunter [],Literature & Fiction - Anthologies & Short Stories - Anthologies
1/5/2018,The Magnificent Story,James Bryan Smith,5:03:00,2017,Arthur Morey,,Religion & Spirituality - Christianity - Christian Living - Spiritual Growth
1/23/2018,Not Alone,Craig A. Falconer,22:59:00,2016,James Patrick Cronin,Not Alone [1],Science Fiction & Fantasy - Science Fiction - First Contact
1/23/2018,Ubik,Philip K. Dick,7:56:00,2015,Luke Daniels,,Literature & Fiction - Genre Fiction - Literary Fiction
2/9/2018,West Cork,Sam Bungey,7:50:00,2018,Sam Bungey ,West Cork [1],Biographies & Memoirs - True Crime - Murder
2/14/2018,The X-Files: Stolen Lives,Dirk Maggs - adaptation,3:43:00,2017,David Duchovny ,The X-Files (Audible Original) [2],Science Fiction & Fantasy - Fantasy - Paranormal & Urban - Paranormal
2/17/2018,A Scanner Darkly,Philip K. Dick,9:12:00,2006,Paul Giamatti,,Science Fiction & Fantasy - Science Fiction
2/23/2018,Elon Musk,Ashlee Vance,13:23:00,2015,Fred Sanders,,Science & Engineering - Science - History & Philosophy - Philosophy
3/10/2018,After On,Rob Reid,22:05:00,2017,January LaVoy ,,Comedy & Humor - Literature & Fiction - Satire
3/16/2018,Yesterday's Gone Season Four,Sean Platt,11:47:00,2018,Ray Chase ,Yesterday's Gone [14],Literature & Fiction - Horror
3/22/2018,Head On (Narrated by Wil Wheaton),John Scalzi,7:36:00,2018,Wil Wheaton,Lock In Series [2],Science Fiction & Fantasy - Science Fiction - Adventure
3/28/2018,The Barefoot Investor,Scott Pape,7:07:00,2017,Scott Pape,,Money & Finance - Personal Finance
4/5/2018,Yesterday's Gone,Sean Platt,12:37:00,2018,Ray Chase ,Yesterday's Gone [15],Literature & Fiction - Horror
4/22/2018,Infinite,Jeremy Robinson,10:21:00,2017,R.C. Bray,Infinite Timeline [1],Science Fiction & Fantasy - Science Fiction - Adventure
5/16/2018,Mirrorworld,Jeremy Robinson,13:14:00,2015,R.C. Bray,,Mystery| Thriller & Suspense - Thriller & Suspense - Suspense
5/23/2018,Etna Station,Mark Tufo,11:05:00,2018,Sean Runnette,Zombie Fallout [11],Literature & Fiction - Horror
6/10/2018,Mind to Matter,Dawson Church,10:48:00,2018,Dawson Church,,Health & Wellness - Psychology & Mental Health - Psychology
6/10/2018,Unfu*k Yourself,Gary John Bishop,3:24:00,2017,Gary John Bishop,Unfu*k Yourself [],Relationships| Parenting & Personal Development - Personal Development - Personal Success
6/10/2018,I Will Teach You to Be Rich,Ramit Sethi,9:04:00,2009,Ramit Sethi,,Money & Finance - Personal Finance - Money Management & Budgeting
6/19/2018,Super Powereds: Year 4,Drew Hayes,60:37:00,2018,Kyle McCarley,Super Powereds [4],Literature & Fiction - Action & Adventure
7/3/2018,Cognitive Behavioral Therapy,The Great Courses,12:35:00,2015,Jason M. Satterfield,The Great Courses: Better Living [],
7/9/2018,Monster Hunter Memoirs: Saints,Larry Correia,10:44:00,2018,Oliver Wyman,Monster Hunter Memoirs [3],Science Fiction & Fantasy - Fantasy - Paranormal & Urban - Paranormal
7/13/2018,Breaking the Habit of Being Yourself,Dr. Joe Dispenza,10:49:00,2016,Adam Boyce,,Relationships| Parenting & Personal Development - Personal Development - Personal Success
7/18/2018,Andrea Vernon and the Corporation for UltraHuman Protection,Alexander C. Kane,8:50:00,2017,Bahni Turpin,Andrea Vernon [1],Science Fiction & Fantasy - Science Fiction
7/20/2018,The Total Money Makeover,Dave Ramsey,3:41:00,2003,Dave Ramsey,,Business & Careers - Career Success
8/16/2018,Archangel,William Gibson,2:43:00,2018,Graeme Malcolm ,,Science Fiction & Fantasy - Science Fiction - Time Travel
9/8/2018,Becoming Supernatural: How Common People Are Doing the Uncommon,Dr. Joe Dispenza,14:06:00,2018,Adam Boyce,,Health & Wellness - Psychology & Mental Health - Psychology
9/8/2018,The Coming Storm,Michael Lewis,2:27:00,2018,Michael Lewis,,Politics & Social Sciences - Politics & Government - Public Policy - Environmental
9/29/2018,Legion: The Many Lives of Stephen Leeds,Brandon Sanderson,10:12:00,2018,Oliver Wyman,Legion [4],Science Fiction & Fantasy - Science Fiction - Adventure
10/5/2018,Hi Bob!,Bob Newhart,3:34:00,2018,Will Ferrell ,,Arts & Entertainment - Audio Performances & Dramatizations
10/10/2018,The Next Person You Meet in Heaven,Mitch Albom,3:57:00,2018,Mitch Albom,The Five People You Meet in Heaven [2],Literature & Fiction - Genre Fiction - Metaphysical & Visionary
11/2/2018,Origin Story,David Christian,12:23:00,2018,Jamie Jackson,,Science & Engineering - Science - Astronomy & Space Science - Astronomy
11/5/2018,Have a Nice Day,Billy Crystal,1:46:00,2018,full cast ,,Literature & Fiction - Drama & Plays
11/11/2018,Atomic Habits,James Clear,5:35:00,2018,James Clear,,Relationships| Parenting & Personal Development - Personal Development - Personal Success
11/12/2018,Twain’s Feast,Audible Originals,4:27:00,2018,Nick Offerman,,History - Americas
11/20/2018,Feel Better Fast and Make It Last,Daniel G. Amen MD,12:12:00,2018,L. J. Ganser,,Relationships| Parenting & Personal Development - Personal Development - Personal Success
12/7/2018,Game Changers,Dave Asprey,11:12:00,2018,Dave Asprey ,,Relationships| Parenting & Personal Development - Personal Development - Personal Success
12/9/2018,Alien: Out of the Shadows,Tim Lebbon,4:28:00,2016,Laurel Lefkow ,Alien [3],Arts & Entertainment - Audio Performances & Dramatizations
12/10/2018,Christmas Eve 1914,Charles Olivier,1:13:00,2014,Cameron Daddo ,,Literature & Fiction - Historical Fiction
1/5/2019,Power Moves,Adam Grant,3:03:00,2019,Adam Grant,,Business & Careers - Workplace & Organizational Behavior - Organizational Behavior
1/5/2019,The Man on the Mountaintop,Libby Spurrier - adaptor,5:45:00,2017,Clare Corbett ,,Literature & Fiction - Genre Fiction - Literary Fiction
1/8/2019,The Wisdom of Each Other,Eugene H. Peterson,2:32:00,2011,Maurice England,,Religion & Spirituality - Christianity - Christian Living - Spiritual Growth
1/11/2019,Yesterday's Gone: Season Six,Sean Platt,11:25:00,2018,Ray Chase ,Yesterday's Gone [16],Science Fiction & Fantasy - Science Fiction - Post-Apocalyptic
1/13/2019,Anxious for Nothing,Max Lucado,3:34:00,2017,Ben Holland,,Relationships| Parenting & Personal Development - Personal Development - Emotions
2/4/2019,Killer by Nature,Jan Smith,4:31:00,2017,Angela Griffin ,,Mystery| Thriller & Suspense - Thriller & Suspense - Psychological
2/17/2019,Dead Moon,Peter Clines,11:23:00,2019,Ray Porter,Threshold Universe [],Science Fiction & Fantasy - Science Fiction
3/8/2019,Sakina's Restaurant,Aasif Mandvi,1:17:00,2019,Aasif Mandvi,,Literature & Fiction - Drama & Plays
3/8/2019,Junk,Les Bohem,10:37:00,2019,John Waters,,Science Fiction & Fantasy - Science Fiction - Genetic Engineering
3/8/2019,The Psychopath Whisperer,Kent A. Kiehl,11:03:00,2014,Kevin Pariseau,,Health & Wellness - Psychology & Mental Health - Psychology - Social Psychology & Interactions
3/8/2019,Level Five,William Ledbetter,11:34:00,2018,MacLeod Andrews,Killday [1],Science Fiction & Fantasy - Science Fiction
4/8/2019,The Darkwater Bride,Marty Ross,6:45:00,2018,Clare Corbett ,,Literature & Fiction - Horror - Ghosts
4/8/2019,Stop Doing That Sh*t,Gary John Bishop,4:41:00,2019,Gary John Bishop,Unfu*k Yourself [],Relationships| Parenting & Personal Development - Personal Development - Personal Success
4/8/2019,The Dispatcher,John Scalzi,2:18:00,2016,Zachary Quinto,The Dispatcher [1],Science Fiction & Fantasy - Science Fiction - Adventure
4/19/2019,The Quantum Magician,Derek Kunsken,13:08:00,2018,T. Ryder Smith,The Quantum Evolution [1],Science Fiction & Fantasy - Science Fiction - Hard Science Fiction
4/21/2019,Full Tilt,Neal Shusterman,5:49:00,2018,Josh Bloomberg,,Children's Audiobooks - Growing Up & Facts of Life
5/10/2019,Second Hand Curses,Drew Hayes,9:00:00,2017,Tavia Gilbert ,,Science Fiction & Fantasy - Fantasy
6/3/2019,Watchers,Dean Koontz,16:31:00,2018,Edoardo Ballerini ,,Mystery| Thriller & Suspense - Thriller & Suspense - Suspense
6/3/2019,More Bedtime Stories for Cynics,Kirsten Kearse,3:25:00,2019,Nick Offerman ,Bedtime Stories for Cynics [],Comedy & Humor - Literature & Fiction
6/7/2019,Fall; or Dodge in Hell,Neal Stephenson,31:48:00,2019,Malcolm Hillgartner,Dodge [2],Literature & Fiction - Action & Adventure - Mystery| Thriller & Suspense - Thriller & Suspense
6/7/2019,Abarat Book 1,Clive Barker,11:28:00,2005,Richard Ferrone,Abarat [1],Teen & Young Adult - Science Fiction & Fantasy - Fantasy - Action & Adventure
7/3/2019,Chinese (Mandarin) Level 1 Lessons 1-5,Pimsleur,2:48:00,2010,Pimsleur,Pimsleur Mandarin Chinese [1],Education & Learning - Education
7/3/2019,Chinese (Mandarin) Level 1 Lessons 6-10,Pimsleur,2:30:00,2010,Pimsleur,Pimsleur Mandarin Chinese [2],Education & Learning - Education
7/4/2019,Alien III,William Gibson,2:16:00,2019,Tom Alexander ,Alien [],Science Fiction & Fantasy - Science Fiction
7/23/2019,Recursion,Blake Crouch,10:47:00,2019,Jon Lindstrom ,,Mystery| Thriller & Suspense - Thriller & Suspense - Suspense
7/30/2019,The Hike,Drew Magary,8:04:00,2016,Christopher Lane,,Science Fiction & Fantasy - Fantasy - Paranormal & Urban - Paranormal
7/31/2019,Chinese (Mandarin) Level 1 Lessons 11-15,Pimsleur,2:30:00,2010,Pimsleur,Pimsleur Mandarin Chinese [3],Education & Learning - Education
8/26/2019,The Warehouse,Rob Hart,13:08:00,2019,Emily Woo Zeller ,,Science Fiction & Fantasy - Science Fiction - Hard Science Fiction
9/2/2019,The Conception of Terror: Tales Inspired by M. R. James - Volume 1,M. R. James,4:13:00,2019,Robert Bathurst ,,Literature & Fiction - Horror
9/3/2019,It Burns,Marc Fennell,2:52:00,2019,Marc Fennell,,
9/18/2019,Stan Lee's Alliances: A Trick of Light,Stan Lee,11:47:00,2019,Yara Shahidi,Stan Lee's Alliances [1],Science Fiction & Fantasy - Science Fiction
9/27/2019,Exhalation,Ted Chiang,11:22:00,2019,Edoardo Ballerini ,,Literature & Fiction - Anthologies & Short Stories - Anthologies
10/1/2019,Sick Enough,Jennifer L. Gaudiani MD CEDS FAED,11:56:00,2019,Donna Postel,,Health & Wellness - Physical Illness & Disease
10/22/2019,Awakened,James S. Murray,9:12:00,2018,James S. Murray,Awakened [1],Literature & Fiction - Horror
11/1/2019,Grim,Ellen Hopkins,13:07:00,2014,Christine Johnson,,Teen & Young Adult - Mystery| Thriller & Suspense - Paranormal
11/24/2019,Divas of Damascus Road,Michelle Stimpson,12:55:00,2007,Sharon Washington,,Literature & Fiction - Women's Fiction
11/25/2019,The Brink,James S. Murray,8:03:00,2019,James S. Murray,Awakened [2],Mystery| Thriller & Suspense - Thriller & Suspense - Suspense
12/8/2019,High Achiever,Tiffany Jenkins,8:53:00,2019,Tiffany Jenkins,,Relationships| Parenting & Personal Development - Personal Development - Personal Success
12/21/2019,Idiot,Laura Clery,7:15:00,2019,Laura Clery,,Comedy & Humor
12/22/2019,The Institute,Stephen King,18:59:00,2019,Santino Fontana,,Mystery| Thriller & Suspense - Thriller & Suspense - Suspense
12/30/2019,大泼猴 1：齐天之路 - 大潑猴 1：齊天之路 [The Legends of Monkey King 1],甲鱼不是龟 - 甲魚不是龜 - Jiayubushigui,18:18:00,2018,在群 - 在群 - Zaiqun,大泼猴 - 大潑猴 [The Legends of Monkey King] [1],Science Fiction & Fantasy - Fantasy
1/3/2020,Junkyard Cats,Faith Hunter,5:02:00,2020,Khristine Hvam,Shining Smith [1],Science Fiction & Fantasy - Science Fiction - Post-Apocalyptic
1/26/2020,The Power of Self-Compassion,Laurie J. Cameron,4:14:00,2020,Laurie Cameron,,Relationships| Parenting & Personal Development - Personal Development - Personal Success
2/7/2020,The Devotion of Suspect X,Keigo Higashino,9:02:00,2011,David Pittu,Detective Galileo [1],Mystery| Thriller & Suspense - Mystery - International Mystery & Crime
2/7/2020,Terminus,Peter Clines,11:21:00,2020,Ray Porter,Threshold Universe [],Science Fiction & Fantasy - Science Fiction
2/12/2020,Doctor Sleep,Stephen King,18:34:00,2013,Will Patton,The Shining [2],Mystery| Thriller & Suspense - Thriller & Suspense - Suspense
2/21/2020,Our Harlem,Marcus Samuelsson,6:05:00,2019,Marcus Samuelsson,,Politics & Social Sciences - Social Sciences
2/21/2020,1Q84,Haruki Murakami,46:45:00,2011,Mark Boyett ,,Literature & Fiction - Genre Fiction - Literary Fiction
2/21/2020,Caffeine,Michael Pollan,2:02:00,2020,Michael Pollan,,Politics & Social Sciences - Social Sciences
3/10/2020,The Course in Miracles Experiment,Pam Grout,9:38:00,2020,Pam Grout,,Relationships| Parenting & Personal Development - Personal Development - Personal Success
3/21/2020,Kafka on the Shore,Haruki Murakami,19:08:00,2013,Sean Barrett ,,Literature & Fiction - Genre Fiction - Literary Fiction
3/23/2020,Tell Me Lies,J. P. Pomare,6:20:00,2020,Aimee Horne,,Mystery| Thriller & Suspense - Thriller & Suspense - Psychological
3/23/2020,The Science of Sci-Fi,The Great Courses,3:59:00,2019,Erin Macdonald,,Science & Engineering - Science - Astronomy & Space Science - Astronomy
3/25/2020,Tiger Lily,Jodi Lynn Anderson,7:13:00,2013,Cassandra Morris,,Teen & Young Adult - Literature & Fiction
4/15/2020,A Murder of Manatees,Larry Correia,2:08:00,2018,Adam Baldwin,The Adventures of Tom Stranger Interdimensional Insurance Agent  [],Science Fiction & Fantasy - Science Fiction
4/15/2020,How to Build Meaningful Relationships Through Conversation,The Great Courses,5:06:00,2020,Carol Ann Lloyd,,Relationships| Parenting & Personal Development - Relationships - Conflict Resolution
4/15/2020,Break Shot: My First 21 Years,James Taylor,1:33:00,2020,James Taylor,Words + Music [],Biographies & Memoirs - Entertainment & Celebrities
5/3/2020,The Getaway,Greer Hendricks,2:24:00,2020,Emily Bauer,,Mystery| Thriller & Suspense - Thriller & Suspense - Suspense
5/3/2020,How to Defeat a Demon King in Ten Easy Steps,Andrew Rowe,5:28:00,2020,Suzy Jackson ,,Science Fiction & Fantasy - Fantasy - Epic
5/3/2020,The Tales of Beedle the Bard,J.K. Rowling,1:35:00,2020,Warwick Davis ,Wizarding World [],Teen & Young Adult - Literature & Fiction
5/9/2020,Cape Cod National Seashore,Gordon Hempton,0:54:00,2020,,,Health & Wellness - Physical Illness & Disease
5/9/2020,I've Seen the End of You,W. Lee Warren MD,8:41:00,2020,W. Lee Warren MD,,Biographies & Memoirs - Religious
5/9/2020,The Office,Whisperlodge,0:38:00,2020,Will Watt,,Health & Wellness - Physical Illness & Disease
5/11/2020,If It Bleeds,Stephen King,15:12:00,2020,Will Patton ,,Mystery| Thriller & Suspense - Thriller & Suspense - Suspense
5/26/2020,The Decision,Kevin Hart,5:54:00,2020,Kevin Hart,,Relationships| Parenting & Personal Development - Personal Development - Personal Success
6/4/2020,Treasure Island,Robert Louis Stevenson,6:23:00,2017,Philip Glenister ,,Literature & Fiction - Classics
6/7/2020,Beyond Strange Lands,David Peterson,5:31:00,2020,Amy Ingram ,,Arts & Entertainment - Audio Performances & Dramatizations
6/7/2020,Uninvited,Lysa TerKeurst,5:27:00,2016,Ginny Welsh,,Relationships| Parenting & Personal Development - Personal Development - Self-Esteem
6/7/2020,Henrietta & Eleanor: A Retelling of Jekyll and Hyde,Robert Louis Stevenson,2:50:00,2018,Holliday Grainger ,,Literature & Fiction - Classics
6/7/2020,A Crazy Inheritance,Tommy Krappweis,4:25:00,2020,Jay Snyder ,Ghostsitter [1],Children's Audiobooks - Literature & Fiction - Humorous Fiction
6/7/2020,Forget Nothing,Jason Anspach,4:46:00,2020,Khristine Hvam,Galaxy's Edge Series [0.6],Science Fiction & Fantasy - Science Fiction - Military
6/7/2020,Nut Jobs: Cracking California's Strangest $10 Million Dollar Heist,Marc Fennell,3:59:00,2020,Marc Fennell,,
6/7/2020,Herbie,Rich Cohen,2:07:00,2019,Rich Cohen,,Biographies & Memoirs
6/22/2020,Triangles,Ellen Hopkins,8:14:00,2011,January LaVoy ,,Literature & Fiction - Genre Fiction - Literary Fiction
7/4/2020,Searching for Sunday,Rachel Held Evans,7:28:00,2015,Rachel Held Evans,,Religion & Spirituality - Christianity - Bibles & Bible Study - Bible Study
7/5/2020,The Cuckoo's Cry,Caroline Overington,4:43:00,2020,Aimee Horne,,Mystery| Thriller & Suspense - Thriller & Suspense - Domestic Thrillers
7/23/2020,The You I've Never Known,Ellen Hopkins,8:49:00,2017,Candace Thaxton ,,Teen & Young Adult - Literature & Fiction - Difficult Situations - Bullying & Abuse - Physical & Emotional Abuse
8/8/2020,Sons of War,Nicholas Sansbury Smith,12:07:00,2020,Ray Porter,The Sons of War Series [1],Literature & Fiction - Genre Fiction - War & Military
8/9/2020,Phreaks,Matthew Derby,5:10:00,2020,full cast ,,Literature & Fiction - Historical Fiction
8/9/2020,Thicker than Water,Tyler Shultz,3:36:00,2020,Tyler Shultz,,Biographies & Memoirs - Professionals & Academics - Business
8/27/2020,Goodbye Things,Fumio Sasaki,4:32:00,2017,Keith Szarabajka,,Relationships| Parenting & Personal Development - Personal Development - Personal Success
8/27/2020,The Craving Mind,Judson Brewer,8:19:00,2017,P. J. Ochlan,,Relationships| Parenting & Personal Development - Personal Development - Personal Success
9/3/2020,The Psychology of Money,Morgan Housel,5:48:00,2020,Chris Hill,,Money & Finance - Personal Finance - Money Management & Budgeting
9/10/2020,Seeking Allah Finding Jesus,Nabeel Qureshi,8:51:00,2018,Nabeel Qureshi ,,Religion & Spirituality - Christianity - Ministry & Evangelism
9/11/2020,Scars,Cheryl Rainfield,6:34:00,2013,Emily Bauer,,Children's Audiobooks - Literature & Fiction
9/11/2020,Starving in Search of Me,Marissa LaRocca,3:53:00,2018,Emily Woo Zeller,,Relationships| Parenting & Personal Development - Personal Development - Personal Success
9/11/2020,Tweak,Nic Sheff,12:17:00,2008,Paul Michael Garcia,,Teen & Young Adult - Literature & Fiction
9/24/2020,Obliteration,James S. Murray,9:12:00,2020,James S. Murray,Awakened [3],Science Fiction & Fantasy - Science Fiction
9/24/2020,The First Fifteen Lives of Harry August,Claire North,12:10:00,2014,Peter Kenny,,Literature & Fiction - Genre Fiction - Literary Fiction
9/27/2020,Drunk Mom,Jowita Bydlowska,8:21:00,2014,Meredith Mitchell,,Health & Wellness - Psychology & Mental Health - Psychology
9/27/2020,The Bitter Taste of Dying,Jason Smith,6:06:00,2015,Paul Costanzo,,Biographies & Memoirs
9/27/2020,Murder by Other Means,John Scalzi,3:33:00,2020,Zachary Quinto,The Dispatcher [2],Science Fiction & Fantasy - Science Fiction
10/2/2020,I'm Thinking of Ending Things,Iain Reid,5:22:00,2016,Candace Thaxton,,Literature & Fiction - Genre Fiction - Literary Fiction
11/9/2020,When You Finish Saving the World,Jesse Eisenberg,5:17:00,2020,Kaitlyn Dever ,,Literature & Fiction - Genre Fiction - Family Life
11/9/2020,The Liar's Daughter,Megan Cooley Peterson,7:07:00,2019,Melissa Moran,,Teen & Young Adult - Mystery| Thriller & Suspense - Thrillers & Suspense
11/16/2020,The Simple Path to Wealth,JL Collins,6:38:00,2017,JL Collins ,,Money & Finance - Investing & Trading
11/24/2020,Ready Player Two,Ernest Cline,13:46:00,2020,Wil Wheaton,Ready Player One [2],Science Fiction & Fantasy - Science Fiction - Adventure
11/25/2020,The Clutter Connection,Cassandra Aarssen,5:38:00,2019,Ann Richardson,,Relationships| Parenting & Personal Development - Personal Development - Personal Success
11/25/2020,Real Life Organizing,Cassandra Aarssen,4:07:00,2018,Ann Richardson,,Relationships| Parenting & Personal Development - Personal Development - Personal Success
11/25/2020,Soulful Simplicity,Courtney Carver,6:21:00,2017,Courtney Carver,,Relationships| Parenting & Personal Development - Personal Development - Personal Success
11/25/2020,Stuffology 101,Brenda Avadian,2:47:00,2014,Lloyd James ,,Relationships| Parenting & Personal Development - Personal Development - Stress Management
11/25/2020,Listful Living,Paula Rizzo,1:37:00,2019,Paula Rizzo,,Relationships| Parenting & Personal Development - Personal Development - Personal Success
12/6/2020,Impulse,Ellen Hopkins,6:48:00,2009,Laura Flanagan ,,Teen & Young Adult - Literature & Fiction - Difficult Situations - Depression & Mental Health - Depression
12/7/2020,The Wedge,Scott Carney,10:01:00,2020,Scott Carney,,Politics & Social Sciences - Anthropology
12/9/2020,Unf*ck Your Anger,Faith G. Harper PhD LPC-S ACS ACN,2:14:00,2020,Erin Bennett,,Health & Wellness - Psychology & Mental Health - Psychology
12/9/2020,How Not to Kill Yourself,Faith G. Harper PhD LPC-S ACS ACN,2:41:00,2018,Tim Bruce ,,Relationships| Parenting & Personal Development - Personal Development - Personal Success
12/9/2020,A Dark Night in Aurora,William H. Reid MD MPH,8:58:00,2018,William H. Reid MD MPH,,Biographies & Memoirs - True Crime - Murder - Serial Killers
12/20/2020,Small Great Things,Jodi Picoult,16:14:00,2016,Ari Fliakos ,Ruth Jefferson [1],Literature & Fiction - Genre Fiction - Literary Fiction
12/20/2020,Unf*ck Your Adulting,Faith G. Harper PhD LPC-S ACS ACN,1:50:00,2018,Erin Bennett,,Relationships| Parenting & Personal Development - Personal Development - Personal Success
12/27/2020,Horrorstör,Grady Hendrix,6:16:00,2014,Bronson Pinchot ,,Literature & Fiction - Classics
1/12/2021,Breath By Breath,Jon Kabat-Zinn - foreward,7:33:00,2014,Edoardo Ballerini,,Health & Wellness - Alternative & Complementary Medicine - Meditation
1/13/2021,The Wealthy Gardener,John Soforic,12:56:00,2020,Dennis Kleinman,,Relationships| Parenting & Personal Development - Personal Development - Personal Success
1/19/2021,The Tibetan Yoga of Breath,Anyen Rinpoche,4:37:00,2014,Paul Ansdell,,Religion & Spirituality - Spirituality - Meditation
1/23/2021,How to Train Your Mind,Chris Bailey,3:18:00,2021,Chris Bailey,,Health & Wellness - Physical Illness & Disease
2/3/2021,The Final Empire,Brandon Sanderson,24:39:00,2008,Michael Kramer,The Mistborn Saga [1],Science Fiction & Fantasy - Fantasy - Epic
3/13/2021,Slade House,David Mitchell,6:54:00,2015,Thomas Judd ,,Literature & Fiction - Genre Fiction - Literary Fiction
3/21/2021,Hello I Want to Die Please Fix Me,Anna Mehler Paperny,10:57:00,2020,Kirsten Potter,,Biographies & Memoirs
3/23/2021,Sidekick,Jaime Castle,6:56:00,2021,Jack Meloche,Raptors [1],Science Fiction & Fantasy - Science Fiction - Adventure
4/13/2021,The Coldest Case: A Black Book Audio Drama,James Patterson,3:52:00,2021,full cast ,A Billy Harney Thriller [0.5],Mystery| Thriller & Suspense - Thriller & Suspense - Crime Thrillers
4/14/2021,Infinite 2,Jeremy Robinson,10:34:00,2021,R.C. Bray,Infinite Timeline [10],Science Fiction & Fantasy - Science Fiction - Adventure
5/2/2021,Feeling Great,David D. Burns MD,17:22:00,2020,Brian Arens,,Health & Wellness - Psychology & Mental Health - Psychology
5/17/2021,Quitters Never Win,Michael Bisping,13:15:00,2020,Jonathan Cowley,,Sports & Outdoors - Combat Sports & Self-Defense
5/30/2021,The Gone World,Tom Sweterlitsch,13:37:00,2018,Brittany Pressley,,Science Fiction & Fantasy - Science Fiction - Adventure
6/2/2021,The Chronicles of Narnia Complete Audio Collection,C. S. Lewis,33:45:00,2019,Jeremy Northam ,The Chronicles of Narnia (Publication Order) [1-7],Science Fiction & Fantasy - Science Fiction - Anthologies & Short Stories
6/9/2021,How to Achieve Financial Independence and Retire Early,The Great Courses,4:39:00,2021,JD Roth,,Money & Finance - Economics
6/16/2021,The Wind-Up Bird Chronicle,Haruki Murakami,26:11:00,2013,Rupert Degas,,Literature & Fiction - Genre Fiction - Literary Fiction
6/26/2021,After This,Claire Bidwell Smith,6:45:00,2015,Claire Bidwell Smith,,Biographies & Memoirs
6/26/2021,Glimpsing Heaven,Judy Bachrach,6:11:00,2014,Susan Boyce,,Religion & Spirituality - Occult
7/14/2021,The One,John Marrs,11:01:00,2018,Clare Corbett ,,Literature & Fiction - Genre Fiction - Literary Fiction
7/14/2021,When Panic Attacks,David D. Burns MD,13:23:00,2017,Kaleo Griffith,,Health & Wellness - Psychology & Mental Health - Psychology
7/30/2021,The Sandman,Neil Gaiman,11:02:00,2020,Neil Gaiman ,The Sandman [1],Science Fiction & Fantasy - Fantasy
8/1/2021,No Calculator? No Problem!,The Great Courses,5:46:00,2019,Art Benjamin,,Education & Learning - Education
8/11/2021,The Martian Chronicles,Ray Bradbury,7:43:00,2014,Mark Boyett,,Literature & Fiction - Classics
8/13/2021,A Practical Guide to Breathwork,Jesse Coomer,8:11:00,2021,Chris Strong,,Health & Wellness - Alternative & Complementary Medicine
9/9/2021,NOS4A2,Joe Hill,19:41:00,2013,Kate Mulgrew,,Literature & Fiction - Horror
9/9/2021,Greenlights,Matthew McConaughey,6:42:00,2020,Matthew McConaughey,,Relationships| Parenting & Personal Development - Personal Development - Personal Success
10/10/2021,Better Decisions Fewer Regrets,Andy Stanley,4:09:00,2020,Andy Stanley,,Relationships| Parenting & Personal Development - Personal Development - Personal Success
10/10/2021,Monster Hunter Bloodlines,Larry Correia,14:11:00,2021,Oliver Wyman,Monster Hunter [8],Science Fiction & Fantasy - Fantasy - Paranormal & Urban - Paranormal
10/26/2021,Project Hail Mary,Andy Weir,16:10:00,2021,Ray Porter,,Science Fiction & Fantasy - Science Fiction - Hard Science Fiction
11/4/2021,The Magic Strings of Frankie Presto,Mitch Albom,9:43:00,2015,George Guidall ,,Literature & Fiction - Genre Fiction - Family Life
11/4/2021,The Guilty,James Patterson,3:19:00,2021,John Lithgow ,,Mystery| Thriller & Suspense - Thriller & Suspense - Suspense
11/17/2021,Enemies of the Heart,Andy Stanley,6:03:00,2011,Lloyd James,,Relationships| Parenting & Personal Development - Personal Development - Personal Success
11/23/2021,The Bitcoin Standard,Saifedean Ammous,11:16:00,2018,James Fouhey,,Money & Finance - Personal Finance
12/8/2021,The Every,Dave Eggers,16:03:00,2021,Dion Graham,,Literature & Fiction - Genre Fiction - Literary Fiction
12/10/2021,Eminent Domain,Victoriano Cárdenas,3:30:00,2021,Ama Zathura ,,Science Fiction & Fantasy - Science Fiction - Adventure
1/12/2022,Principles for Dealing with the Changing World Order,Ray Dalio,16:48:00,2021,Jeremy Bobb ,,Money & Finance - Economics - Economic History
1/12/2022,Wanting,Luke Burgis,8:54:58,2021,Luke Burgis ,,Health & Wellness - Psychology & Mental Health - Psychology
2/2/2022,Money Magic,Laurence Kotlikoff,8:33:00,2022,Alex Kotlikoff,,Money & Finance - Personal Finance - Money Management & Budgeting
2/22/2022,The Paradox Hotel,Rob Hart,11:05:00,2022,Emily Woo Zeller,,Science Fiction & Fantasy - Science Fiction - Time Travel
3/2/2022,The Broken Room,Peter Clines,10:50:00,2022,Timothy Andrés Pabon,,Science Fiction & Fantasy - Science Fiction - Adventure
3/15/2022,The Kaiju Preservation Society,John Scalzi,8:02:00,2022,Wil Wheaton,,Science Fiction & Fantasy - Science Fiction - Adventure
4/3/2022,Where Is My Flying Car?,J. Storrs Hall,14:01:00,2021,Jonathan Todd Ross,,Business & Careers
4/3/2022,Vicarious,Rhett C. Bruno,13:05:00,2021,Wil Wheaton ,,Science Fiction & Fantasy - Science Fiction - Hard Science Fiction
4/4/2022,My Evil Mother,Margaret Atwood,0:57:00,2022,Hillary Huber,,Literature & Fiction - Anthologies & Short Stories - Short Stories
4/12/2022,Just Keep Buying,Nick Maggiulli,6:21:00,2022,Kevin Meyer,,Money & Finance - Personal Finance - Money Management & Budgeting
4/19/2022,The Courage to Be Disliked,Ichiro Kishimi,6:29:00,2018,Graeme Malcolm ,,Relationships| Parenting & Personal Development - Personal Development - Personal Success
6/12/2022,Ordinary Monsters,J. M. Miro,25:21:00,2022,Ben Onwukwe,The Talents [1],Science Fiction & Fantasy - Fantasy - Historical
6/12/2022,The Boys: Deeper and Deeper,Matt Berns,1:10:00,2022,Chace Crawford ,,Science Fiction & Fantasy - Science Fiction - Adventure
7/3/2022,Hell House,Richard Matheson,9:11:00,2008,Ray Porter,,Science Fiction & Fantasy - Fantasy
7/12/2022,Upgrade,Blake Crouch,9:47:00,2022,Henry Levya,,Mystery| Thriller & Suspense - Thriller & Suspense - Suspense
7/12/2022,Superintelligence,Nick Bostrom,14:17:00,2014,Napoleon Ryan,,Politics & Social Sciences - Philosophy
7/12/2022,The Fiat Standard,Saifedean Ammous,12:44:00,2022,Saifedean Ammous ,,Money & Finance - Economics - Macroeconomics
9/3/2022,Uncharted Waters,Sally Hepworth,1:44:00,2022,Candice Moll,Getaway collection [],Mystery| Thriller & Suspense - Thriller & Suspense - Suspense
10/29/2022,Making Room for Her,Barbara Reaoch,5:51:00,2022,Aimee Lilly ,,Religion & Spirituality - Christianity - Christian Living - Spiritual Growth
11/15/2022,Wayward,Chuck Wendig,34:27:00,2022,Dominic Hoffman ,Wanderers [2],Mystery| Thriller & Suspense - Thriller & Suspense - Suspense
